date,code,open,high,low,close,change,volume,amount
20180102,000426.SZ,9.91,10.08,9.73,10.05,0.22,167447.68,166571.267
20180103,000426.SZ,10.06,10.86,10.06,10.36,0.31,299653.22,314742.013
20180104,000426.SZ,10.26,10.58,10.1,10.54,0.18,251239.19,258994.369
20180105,000426.SZ,10.34,10.48,10.2,10.22,-0.32,230122.19,238041.924
20180108,000426.SZ,10.1,11.24,9.83,10.7,0.48,536791.41,563176.689
20180109,000426.SZ,10.65,10.9,10.59,10.85,0.15,381305.81,410216.668
20180110,000426.SZ,10.7,10.87,10.44,10.49,-0.36,214693.42,228194.076
20180111,000426.SZ,10.53,10.77,10.36,10.63,0.14,187188.73,197701.67
20180112,000426.SZ,10.49,10.65,10.31,10.45,-0.18,168392.95,176107.826
20180115,000426.SZ,10.45,10.45,9.9,10.0,-0.45,275641.87,277393.061
20180116,000426.SZ,10.01,10.25,9.89,10.02,0.02,150890.29,151713.088
20180117,000426.SZ,10.0,10.0,9.59,9.65,-0.37,195468.47,190003.215
20180118,000426.SZ,9.63,9.79,9.59,9.71,0.06,136369.0,132193.089
20180119,000426.SZ,9.71,9.84,9.52,9.79,0.08,145950.16,141924.697
20180122,000426.SZ,9.81,10.36,9.79,10.2,0.41,248971.58,252722.837
20180123,000426.SZ,10.28,10.9,10.28,10.72,0.52,418643.12,445504.451
20180124,000426.SZ,10.7,10.82,10.49,10.73,0.01,254966.02,271931.439
20180125,000426.SZ,11.19,11.8,10.99,11.56,0.83,662488.74,755605.785
20180126,000426.SZ,11.4,11.53,11.2,11.33,-0.23,330046.82,375818.576
20180129,000426.SZ,11.75,12.02,11.38,11.5,0.17,386264.83,450101.087
20180130,000426.SZ,11.53,12.59,11.35,11.78,0.28,595042.44,715625.783
20180131,000426.SZ,11.68,12.26,11.5,12.11,0.33,411978.46,491465.44
20180201,000426.SZ,11.97,12.55,11.24,11.37,-0.74,577967.58,684554.66
20180202,000426.SZ,11.52,12.22,11.16,12.06,0.69,601250.14,708283.857
20180205,000426.SZ,11.79,12.3,11.6,11.99,-0.07,441148.54,526434.032
20180206,000426.SZ,11.64,12.47,11.47,11.64,-0.35,531785.75,640727.148
20180207,000426.SZ,11.89,12.24,10.88,11.02,-0.62,525525.25,615032.739
20180208,000426.SZ,10.52,10.89,10.4,10.65,-0.37,365499.3,390066.969
20180209,000426.SZ,10.22,10.37,9.59,9.7,-0.95,392626.16,386899.653
20180212,000426.SZ,9.8,10.09,9.62,9.94,0.24,224449.22,221735.688
20180213,000426.SZ,10.02,10.69,10.02,10.69,0.75,364398.59,379655.561
20180214,000426.SZ,10.8,10.86,10.43,10.59,-0.1,185918.36,197243.495
20180222,000426.SZ,10.71,11.35,10.53,11.27,0.68,328019.4,361590.652
20180223,000426.SZ,11.2,11.42,11.08,11.32,0.05,233239.12,261739.235
20180226,000426.SZ,11.5,11.64,11.21,11.55,0.23,253782.98,290870.362
20180227,000426.SZ,11.52,11.55,10.9,11.07,-0.48,281975.44,315514.4
20180228,000426.SZ,10.81,11.39,10.71,11.15,0.08,249956.97,277628.5
20180301,000426.SZ,10.98,11.36,10.88,11.19,0.04,204281.72,228528.056
20180302,000426.SZ,11.02,11.11,10.55,10.68,-0.51,278692.81,301513.021
20180305,000426.SZ,10.78,10.97,10.63,10.86,0.18,185163.24,200287.617
20180306,000426.SZ,10.75,11.13,10.41,11.07,0.21,355487.21,383979.888
20180307,000426.SZ,11.0,11.04,10.6,10.65,-0.42,212225.28,229346.838
20180308,000426.SZ,10.57,10.93,10.56,10.68,0.03,156808.58,168669.495
20180309,000426.SZ,10.7,10.72,10.25,10.45,-0.23,290751.69,303004.863
20180312,000426.SZ,10.58,10.88,10.51,10.84,0.39,312907.07,335618.352
20180313,000426.SZ,10.82,11.03,10.71,10.85,0.01,261136.7,283615.081
20180314,000426.SZ,10.7,11.04,10.7,10.83,-0.02,261264.85,284957.598
20180315,000426.SZ,10.68,10.77,10.4,10.51,-0.32,224662.67,236827.132
20180316,000426.SZ,10.47,10.47,10.17,10.3,-0.21,216867.87,222909.755
20180319,000426.SZ,10.3,10.3,10.05,10.12,-0.18,157554.54,160063.018
20180320,000426.SZ,10.05,10.19,10.03,10.16,0.04,108641.84,109939.257
20180321,000426.SZ,10.17,10.4,10.0,10.01,-0.15,166521.77,169671.215
20180322,000426.SZ,10.2,10.26,10.07,10.12,0.11,115027.64,116871.006
20180323,000426.SZ,9.7,9.7,9.11,9.32,-0.8,448778.85,420235.646
20180326,000426.SZ,9.12,9.47,9.03,9.45,0.13,176166.1,164464.517
20180327,000426.SZ,9.53,9.77,9.48,9.67,0.22,192460.81,185133.996
20180328,000426.SZ,9.45,9.69,9.41,9.42,-0.25,114312.59,108722.031
20180329,000426.SZ,9.46,9.72,9.22,9.69,0.27,164412.46,157206.637
20180330,000426.SZ,9.68,9.84,9.62,9.79,0.1,132517.46,129089.761
20180402,000426.SZ,9.79,9.98,9.73,9.84,0.05,135803.87,133887.596
20180403,000426.SZ,9.82,9.82,9.65,9.75,-0.09,108518.33,105944.943
20180404,000426.SZ,9.63,9.75,9.44,9.49,-0.26,112972.32,108418.102
20180409,000426.SZ,9.68,9.85,9.62,9.68,0.19,152883.47,148871.186
20180410,000426.SZ,9.67,9.85,9.65,9.83,0.15,125028.08,121906.508
20180411,000426.SZ,9.85,10.14,9.81,10.12,0.29,177533.73,176625.119
20180412,000426.SZ,10.01,10.1,9.8,9.84,-0.28,151829.94,150966.985
20180413,000426.SZ,9.8,9.8,9.2,9.32,-0.52,370814.42,346603.883
20180416,000426.SZ,9.32,9.32,9.07,9.16,-0.16,156210.3,143071.579
20180417,000426.SZ,9.19,9.31,9.08,9.12,-0.04,118314.41,108660.596
20180418,000426.SZ,9.2,9.22,8.96,9.15,0.03,101300.75,92020.136
20180419,000426.SZ,9.65,9.75,9.38,9.57,0.42,317811.86,302760.635
20180420,000426.SZ,9.29,9.36,9.1,9.12,-0.45,189375.25,174586.368
20180423,000426.SZ,9.15,9.17,8.77,8.9,-0.22,154393.22,138402.866
20180424,000426.SZ,8.76,9.07,8.75,9.0,0.1,125207.55,112015.391
20180425,000426.SZ,8.9,9.04,8.82,8.84,-0.16,111533.25,99631.056
20180426,000426.SZ,8.9,8.95,8.75,8.82,-0.02,84839.01,75290.266
20180427,000426.SZ,8.86,8.91,8.76,8.87,0.05,72734.09,64122.335
20180502,000426.SZ,8.9,9.09,8.79,8.9,0.03,107771.99,96073.623
20180503,000426.SZ,8.9,8.92,8.72,8.9,0.0,100801.92,89022.445
20180504,000426.SZ,8.89,8.89,8.7,8.78,-0.12,79909.93,70497.274
20180507,000426.SZ,8.88,8.99,8.8,8.96,0.18,123363.95,109782.836
20180508,000426.SZ,8.98,9.17,8.91,9.08,0.12,140491.0,127173.771
20180509,000426.SZ,9.06,9.07,8.91,8.93,-0.15,96026.13,86268.643
20180510,000426.SZ,8.96,9.03,8.92,8.99,0.06,67900.43,60969.774
20180511,000426.SZ,9.03,9.18,8.98,9.08,0.09,129944.9,118422.724
20180514,000426.SZ,9.07,9.12,8.95,8.97,-0.11,86017.07,77660.483
20180515,000426.SZ,8.97,8.97,8.76,8.89,-0.08,137245.11,121002.42
20180516,000426.SZ,8.81,8.87,8.77,8.8,-0.09,65498.55,57668.944
20180517,000426.SZ,8.77,8.83,8.65,8.69,-0.11,82545.66,72059.625
20180518,000426.SZ,8.67,8.67,7.82,7.85,-0.84,534630.86,428645.605
20180521,000426.SZ,7.95,7.97,7.8,7.89,0.04,203654.47,160751.508
20180522,000426.SZ,7.9,8.13,7.89,8.13,0.24,200880.77,161560.89
20180523,000426.SZ,8.12,8.12,7.88,7.95,-0.18,155449.32,124039.116
20180524,000426.SZ,7.97,7.98,7.85,7.89,-0.06,83587.9,66082.178
20180525,000426.SZ,7.94,8.04,7.87,7.9,0.01,128576.23,102155.908
20180528,000426.SZ,7.84,7.84,7.15,7.45,-0.45,250687.59,185628.222
20180529,000426.SZ,7.35,7.51,7.34,7.42,-0.03,145759.66,108255.047
20180530,000426.SZ,7.27,7.35,7.05,7.2,-0.22,185139.92,133183.467
20180531,000426.SZ,7.29,7.42,7.25,7.31,0.11,130559.93,95783.405
20180601,000426.SZ,7.3,7.73,7.23,7.47,0.16,199425.66,150072.703
20180604,000426.SZ,7.5,7.75,7.49,7.54,0.07,147210.51,112209.621
20180605,000426.SZ,7.42,7.6,7.34,7.57,0.03,114145.53,85696.646
20180606,000426.SZ,7.68,7.78,7.57,7.62,0.05,141834.39,108921.026
20180607,000426.SZ,7.69,7.74,7.57,7.58,-0.04,118245.36,90504.471
20180608,000426.SZ,7.49,7.65,7.46,7.5,-0.08,110360.63,83241.342
20180611,000426.SZ,7.5,7.8,7.45,7.66,0.16,152153.43,116919.704
20180612,000426.SZ,7.64,7.72,7.55,7.64,-0.02,77862.07,59326.59
20180613,000426.SZ,7.61,7.63,7.35,7.42,-0.22,118063.63,87993.474
20180614,000426.SZ,7.36,7.53,7.36,7.5,0.08,90271.16,67404.983
20180615,000426.SZ,7.48,7.54,7.13,7.21,-0.29,122142.43,89066.7
20180827,000426.SZ,6.47,6.64,6.47,6.47,-0.72,629934.53,408337.122
20180828,000426.SZ,6.35,6.6,6.25,6.56,0.09,412882.62,264097.332
20180829,000426.SZ,6.45,6.75,6.39,6.59,0.03,363027.41,238344.229
20180830,000426.SZ,6.6,6.65,6.41,6.49,-0.1,185421.65,120550.454
20180831,000426.SZ,6.44,6.65,6.35,6.51,0.02,253417.34,164284.16
20180903,000426.SZ,6.52,6.52,6.36,6.41,-0.1,148506.49,95176.301
20180904,000426.SZ,6.38,6.43,6.27,6.4,-0.01,204082.28,129716.245
20180905,000426.SZ,6.38,6.4,6.27,6.34,-0.06,168990.97,106893.372
20180906,000426.SZ,6.29,6.34,6.22,6.23,-0.11,143963.0,90403.633
20180907,000426.SZ,6.26,6.28,6.16,6.23,0.0,137223.34,85436.93
20180910,000426.SZ,6.21,6.25,6.06,6.18,-0.05,127229.29,78110.099
20180911,000426.SZ,6.18,6.2,6.08,6.15,-0.03,96903.25,59491.284
20180912,000426.SZ,6.14,6.16,6.1,6.15,0.0,104494.91,64052.517
20180913,000426.SZ,6.17,6.3,6.1,6.18,0.03,118703.11,73186.694
20180914,000426.SZ,6.19,6.19,6.1,6.14,-0.04,94111.42,57785.023
20180917,000426.SZ,6.1,6.12,5.53,5.77,-0.37,282697.64,161270.515
20180918,000426.SZ,5.7,5.81,5.61,5.76,-0.01,113612.06,65010.629
20180919,000426.SZ,5.74,5.88,5.7,5.82,0.06,121931.2,70921.205
20180920,000426.SZ,5.83,5.94,5.81,5.84,0.02,107659.47,63144.607
20180921,000426.SZ,5.85,5.9,5.78,5.87,0.03,107492.14,62868.04
20180925,000426.SZ,5.84,5.94,5.8,5.89,0.02,106059.84,62257.083
20180926,000426.SZ,5.92,5.98,5.86,5.9,0.01,91205.04,53977.998
20180927,000426.SZ,5.92,5.93,5.75,5.75,-0.15,103654.42,60737.029
20180928,000426.SZ,5.74,5.84,5.68,5.82,0.07,113316.23,65404.392
20181008,000426.SZ,5.68,5.77,5.62,5.64,-0.18,104106.06,59333.038
20181009,000426.SZ,5.67,5.85,5.63,5.8,0.16,124535.4,71816.907
20181010,000426.SZ,5.84,5.92,5.73,5.76,-0.04,91885.0,53419.136
20181011,000426.SZ,5.5,5.57,5.18,5.18,-0.58,219481.0,116068.905
20181012,000426.SZ,5.1,5.15,4.66,4.83,-0.35,300393.17,144953.818
20181015,000426.SZ,4.81,4.87,4.64,4.67,-0.16,141992.07,67699.285
20181016,000426.SZ,4.7,4.77,4.37,4.51,-0.16,164529.91,75548.935
20181017,000426.SZ,4.59,4.67,4.48,4.59,0.08,140981.73,64367.963
20181018,000426.SZ,4.59,4.59,4.29,4.34,-0.25,168242.67,74080.349
20181019,000426.SZ,4.25,4.43,4.24,4.42,0.08,124406.97,54137.902
20181022,000426.SZ,4.5,4.78,4.49,4.72,0.3,227966.72,106110.765
20181023,000426.SZ,4.72,4.82,4.62,4.65,-0.07,165120.77,77704.572
20181024,000426.SZ,4.66,4.86,4.66,4.85,0.2,185473.39,88751.865
20181025,000426.SZ,4.7,5.06,4.67,5.0,0.15,295494.73,144691.64
20181026,000426.SZ,4.95,5.14,4.9,4.93,-0.07,252626.44,126017.237
20181029,000426.SZ,4.93,4.95,4.77,4.83,-0.1,153648.28,74710.444
20181030,000426.SZ,4.84,5.02,4.8,4.96,0.13,171139.87,84228.365
20181031,000426.SZ,5.04,5.42,5.02,5.23,0.27,332044.04,172843.721
20181101,000426.SZ,5.16,5.28,5.13,5.17,-0.06,244922.58,127353.824
20181102,000426.SZ,5.29,5.36,5.17,5.29,0.12,233978.13,123056.458
20181105,000426.SZ,5.28,5.34,5.18,5.28,-0.01,165183.94,86934.233
20181106,000426.SZ,5.26,5.28,5.18,5.26,-0.02,106589.69,55695.945
20181107,000426.SZ,5.26,5.52,5.23,5.27,0.01,377600.59,203165.634
20181108,000426.SZ,5.29,5.34,5.21,5.22,-0.05,162285.11,85476.847
20181109,000426.SZ,5.18,5.24,5.02,5.06,-0.16,185092.88,94700.256
20181112,000426.SZ,5.06,5.34,5.06,5.34,0.28,276837.8,145037.545
20181113,000426.SZ,5.27,5.45,5.25,5.41,0.07,262907.9,141207.247
20181114,000426.SZ,5.41,5.49,5.31,5.36,-0.05,193955.07,104524.465
20181115,000426.SZ,5.39,5.45,5.33,5.45,0.09,183591.38,99000.364
20181116,000426.SZ,5.49,5.55,5.42,5.51,0.06,227063.07,124757.122
20181119,000426.SZ,5.54,5.54,5.39,5.48,-0.03,149352.66,81498.222
20181120,000426.SZ,5.45,5.48,5.34,5.35,-0.13,156038.56,84385.216
20181121,000426.SZ,5.26,5.28,5.16,5.25,-0.1,171315.6,89706.696
20181122,000426.SZ,5.28,5.29,5.21,5.26,0.01,99045.05,52062.13
20181123,000426.SZ,5.23,5.24,4.81,4.86,-0.4,230271.74,114902.047
20181126,000426.SZ,4.79,4.89,4.68,4.74,-0.12,126834.31,60784.584
20181127,000426.SZ,4.78,4.87,4.75,4.83,0.09,97677.41,47092.915
20181128,000426.SZ,4.83,4.86,4.71,4.85,0.02,98269.24,47249.39
20181129,000426.SZ,4.91,5.17,4.89,4.92,0.07,256418.4,128733.676
20181130,000426.SZ,4.9,5.03,4.78,4.98,0.06,181869.37,89172.933
20181203,000426.SZ,5.15,5.18,5.02,5.11,0.13,242187.24,123670.651
20181204,000426.SZ,5.1,5.16,5.07,5.13,0.02,125299.03,64184.138
20181205,000426.SZ,5.05,5.3,5.02,5.17,0.04,231337.73,119720.957
20181206,000426.SZ,5.11,5.16,5.04,5.04,-0.13,134090.01,68173.41
20181207,000426.SZ,5.06,5.12,5.06,5.1,0.06,74311.76,37822.798
20181210,000426.SZ,5.1,5.15,4.98,5.05,-0.05,133272.56,67343.151
20181211,000426.SZ,5.05,5.29,5.03,5.21,0.16,174202.25,89747.825
20181212,000426.SZ,5.18,5.21,5.08,5.1,-0.11,163541.76,84045.207
20181213,000426.SZ,5.13,5.17,5.03,5.12,0.02,121974.64,62422.65
20181214,000426.SZ,5.08,5.11,4.91,4.91,-0.21,162713.02,81342.078
20181217,000426.SZ,4.88,5.03,4.87,4.99,0.08,97741.65,48569.173
20181218,000426.SZ,5.0,5.06,4.97,5.04,0.05,140204.96,70319.19
20181219,000426.SZ,5.04,5.04,4.92,4.96,-0.08,91601.47,45514.579
20181220,000426.SZ,4.96,4.99,4.88,4.92,-0.04,81184.95,40036.89
20181221,000426.SZ,4.93,4.94,4.75,4.82,-0.1,99184.36,47973.882
20181224,000426.SZ,4.81,4.87,4.76,4.78,-0.04,93594.54,45018.735
20181225,000426.SZ,4.75,4.76,4.57,4.62,-0.16,143899.52,66590.681
20181226,000426.SZ,4.62,4.71,4.6,4.68,0.06,101020.08,46959.022
20181227,000426.SZ,4.85,4.92,4.7,4.71,0.03,219070.7,105712.993
20181228,000426.SZ,4.75,5.03,4.75,4.98,0.27,287559.22,141278.028
20190102,000426.SZ,5.04,5.23,5.04,5.19,0.21,372116.39,191345.113
20190103,000426.SZ,5.22,5.71,5.17,5.71,0.52,867920.57,483761.83
20190104,000426.SZ,6.0,6.28,5.83,6.28,0.57,843901.88,511592.759
20190107,000426.SZ,6.2,6.85,6.09,6.47,0.19,1166029.06,747444.095
20190108,000426.SZ,6.3,6.34,6.03,6.13,-0.34,816254.41,503714.86
20190109,000426.SZ,6.11,6.23,6.04,6.1,-0.03,542198.69,331846.704
20190110,000426.SZ,6.12,6.36,5.9,6.31,0.21,808764.45,498101.3
20190111,000426.SZ,6.08,6.28,6.04,6.13,-0.18,485272.82,298752.191
20190114,000426.SZ,6.13,6.58,6.07,6.31,0.18,710172.36,449277.928
20190115,000426.SZ,6.21,6.87,6.2,6.73,0.42,781926.21,510138.771
20190116,000426.SZ,6.62,6.62,6.4,6.5,-0.23,524978.29,341721.152
20190117,000426.SZ,6.43,6.57,6.32,6.37,-0.13,346189.07,222120.141
20190118,000426.SZ,6.29,6.5,6.17,6.27,-0.1,413859.12,260885.289
20190121,000426.SZ,6.17,6.31,5.99,6.12,-0.15,487780.94,299748.492
20190122,000426.SZ,6.15,6.3,6.07,6.12,0.0,404315.94,249454.007
20190123,000426.SZ,6.15,6.19,6.0,6.04,-0.08,277011.07,168442.517
20190124,000426.SZ,6.07,6.18,5.99,6.12,0.08,290042.66,176563.439
20190125,000426.SZ,6.09,6.1,5.72,5.72,-0.4,507750.15,297292.994
20190128,000426.SZ,5.95,6.05,5.81,5.94,0.22,424479.33,252342.608
20190129,000426.SZ,5.96,6.07,5.55,5.82,-0.12,366953.44,212726.849
20190130,000426.SZ,5.88,6.07,5.8,6.03,0.21,321866.28,192069.001
20190131,000426.SZ,6.1,6.18,5.82,5.9,-0.13,376571.19,226455.996
20190201,000426.SZ,5.96,6.08,5.9,6.04,0.14,235103.47,141155.116
20190211,000426.SZ,6.14,6.3,6.09,6.21,0.17,324966.14,201050.303
20190212,000426.SZ,6.1,6.29,6.08,6.29,0.08,322421.0,199301.437
20190213,000426.SZ,6.21,6.33,6.18,6.28,-0.01,362131.87,227107.368
20190214,000426.SZ,6.21,6.68,6.12,6.58,0.3,520733.73,330735.218
20190215,000426.SZ,6.5,6.58,6.41,6.42,-0.16,307870.56,199906.728
20190218,000426.SZ,6.48,6.6,6.46,6.57,0.15,353364.88,231149.27
20190219,000426.SZ,6.56,6.98,6.51,6.83,0.26,526522.04,355503.436
20190220,000426.SZ,7.1,7.51,7.01,7.51,0.68,951063.64,704203.968
20190221,000426.SZ,7.33,7.82,7.22,7.44,-0.07,904143.11,672796.252
20190222,000426.SZ,7.25,7.36,7.16,7.33,-0.11,522960.7,379447.08
20190225,000426.SZ,6.6,7.55,6.6,7.35,0.02,2754749.81,1880192.55
20190226,000426.SZ,6.92,6.96,6.63,6.67,-0.68,2130975.6,1449230.828
20190227,000426.SZ,6.34,6.49,6.21,6.34,-0.33,1124130.51,713715.03
20190228,000426.SZ,6.25,6.57,6.25,6.54,0.2,857877.23,552423.378
20190301,000426.SZ,6.47,6.52,6.41,6.5,-0.04,470553.59,304324.15
20190304,000426.SZ,6.5,6.73,6.42,6.68,0.18,935369.25,616447.776
20190305,000426.SZ,6.65,6.94,6.58,6.89,0.21,1012140.86,686801.181
20190306,000426.SZ,6.88,7.11,6.79,6.98,0.09,996713.65,690071.714
20190307,000426.SZ,6.96,7.5,6.87,7.31,0.33,1167224.03,838649.828
20190308,000426.SZ,7.08,7.26,6.58,6.59,-0.72,1031160.53,720963.29
20190311,000426.SZ,6.6,6.88,6.6,6.82,0.23,523045.8,353911.719
20190312,000426.SZ,6.88,7.08,6.8,6.99,0.17,649490.81,450638.723
20190313,000426.SZ,6.97,6.98,6.61,6.78,-0.21,510833.0,347961.655
20190314,000426.SZ,6.7,6.86,6.34,6.48,-0.3,443445.96,291259.201
20190315,000426.SZ,6.52,6.61,6.41,6.54,0.06,342028.51,222640.204
20190318,000426.SZ,6.53,6.79,6.51,6.79,0.25,450924.05,302077.511
20190319,000426.SZ,6.76,6.94,6.71,6.82,0.03,431749.0,294509.793
20190320,000426.SZ,6.76,6.81,6.55,6.68,-0.14,417330.4,278206.819
20190321,000426.SZ,6.75,6.86,6.7,6.78,0.1,497197.03,337792.952
20190322,000426.SZ,6.7,6.77,6.5,6.61,-0.17,457578.63,302318.885
20190325,000426.SZ,6.58,6.78,6.51,6.62,0.01,383879.62,256631.876
20190326,000426.SZ,6.65,6.87,6.54,6.58,-0.04,487063.71,328013.025
20190327,000426.SZ,6.61,6.65,6.18,6.31,-0.27,448168.36,283896.775
20190328,000426.SZ,6.26,6.32,6.13,6.15,-0.16,233456.95,144934.735
20190329,000426.SZ,6.16,6.28,6.05,6.26,0.11,313822.08,194784.28
20190401,000426.SZ,6.3,6.62,6.27,6.59,0.33,481353.49,312725.591
20190402,000426.SZ,6.64,6.79,6.51,6.76,0.17,616475.4,408426.322
20190403,000426.SZ,6.93,7.15,6.81,6.95,0.19,988023.23,688528.993
20190404,000426.SZ,6.93,7.15,6.87,7.01,0.06,772980.77,541202.003
20190408,000426.SZ,7.03,7.19,6.89,7.17,0.16,835523.06,588620.817
20190409,000426.SZ,7.15,7.15,6.88,6.97,-0.2,494042.8,345989.254
20190410,000426.SZ,6.94,6.95,6.76,6.87,-0.1,341619.68,234304.724
20190411,000426.SZ,6.9,6.97,6.76,6.8,-0.07,315593.36,216142.526
20190412,000426.SZ,6.75,6.8,6.65,6.74,-0.06,212783.03,143245.51
20190415,000426.SZ,6.8,6.89,6.09,6.16,-0.58,864527.37,551497.265
20190416,000426.SZ,6.05,6.25,5.78,6.24,0.08,660686.7,398814.79
20190417,000426.SZ,6.19,6.44,6.13,6.39,0.15,414096.84,262099.239
20190418,000426.SZ,6.36,6.46,6.26,6.29,-0.1,281500.63,178240.497
20190419,000426.SZ,6.26,6.32,6.14,6.3,0.01,216964.58,134987.361
20190422,000426.SZ,6.3,6.3,6.07,6.12,-0.18,274966.82,169313.514
20190423,000426.SZ,6.14,6.14,5.97,5.98,-0.14,250922.19,151167.373
20190424,000426.SZ,5.96,6.07,5.92,6.03,0.05,185604.68,111411.233
20190425,000426.SZ,6.01,6.07,5.81,5.83,-0.2,252809.7,149747.772
20190426,000426.SZ,5.8,5.89,5.72,5.81,-0.02,167711.15,97407.343
20190429,000426.SZ,5.8,5.83,5.39,5.52,-0.29,219223.0,122953.453
20190430,000426.SZ,5.47,5.65,5.47,5.57,0.05,113463.38,63413.965
20190506,000426.SZ,5.47,5.47,5.01,5.04,-0.53,229317.6,119356.487
20190507,000426.SZ,4.91,5.4,4.91,5.36,0.32,285903.57,150580.247
20190508,000426.SZ,5.29,5.48,5.25,5.4,0.04,197899.0,106585.814
20190509,000426.SZ,5.33,5.42,5.26,5.29,-0.11,129124.55,69022.62
20190510,000426.SZ,5.31,5.43,5.22,5.38,0.09,136016.41,72921.658
20190513,000426.SZ,5.29,5.36,5.25,5.29,-0.09,110985.25,58927.59
20190514,000426.SZ,5.28,5.36,5.18,5.25,-0.04,134581.3,70911.847
20190515,000426.SZ,5.3,5.33,5.25,5.3,0.05,96318.49,51024.879
20190516,000426.SZ,5.26,5.48,5.26,5.39,0.09,172242.76,93062.297
20190517,000426.SZ,5.41,5.42,5.13,5.33,-0.06,193327.56,101678.329
20190520,000426.SZ,5.23,5.23,4.86,5.17,-0.16,242670.71,121570.445
20190521,000426.SZ,5.09,5.3,5.05,5.21,0.04,152762.72,79279.598
20190522,000426.SZ,5.18,5.21,5.05,5.11,-0.1,137740.62,70475.527
20190523,000426.SZ,5.1,5.14,4.89,4.92,-0.19,118286.13,59045.459
20190524,000426.SZ,4.91,4.96,4.82,4.85,-0.07,101640.02,49628.916
20190527,000426.SZ,4.86,5.13,4.82,5.04,0.19,155083.36,77080.664
20190528,000426.SZ,5.02,5.07,4.95,4.97,-0.07,124028.4,62031.622
20190529,000426.SZ,4.94,5.04,4.93,4.97,0.0,99061.36,49423.372
20190530,000426.SZ,4.98,5.05,4.92,5.02,0.05,176473.43,88283.374
20190531,000426.SZ,5.02,5.07,4.98,5.03,0.01,136897.04,68941.095
20190603,000426.SZ,5.03,5.25,4.99,5.07,0.04,234526.82,120357.844
20190604,000426.SZ,5.12,5.2,4.84,4.9,-0.17,203279.68,101550.134
20190605,000426.SZ,4.9,5.32,4.9,5.16,0.26,287061.03,146685.776
20190606,000426.SZ,5.1,5.37,5.1,5.35,0.19,369551.46,194980.404
20190610,000426.SZ,5.34,5.65,5.28,5.56,0.21,382227.4,208842.911
20190611,000426.SZ,5.5,5.85,5.41,5.62,0.06,462561.17,258042.546
20190612,000426.SZ,5.58,5.8,5.5,5.71,0.09,501078.29,284899.633
20190613,000426.SZ,5.66,5.73,5.48,5.56,-0.15,310354.75,173395.925
20190614,000426.SZ,5.58,5.63,5.46,5.47,-0.09,259957.51,144154.741
20190617,000426.SZ,5.42,5.53,5.29,5.35,-0.12,269675.09,145219.739
20190618,000426.SZ,5.37,5.4,5.24,5.37,0.02,184618.88,98229.609
20190619,000426.SZ,5.41,5.48,5.32,5.34,-0.03,204525.31,110249.139
20190620,000426.SZ,5.43,5.53,5.35,5.5,0.16,300471.33,163792.761
20190621,000426.SZ,5.5,5.82,5.46,5.68,0.18,446371.93,253113.255
20190624,000426.SZ,5.65,5.75,5.62,5.63,-0.05,209152.61,118611.565
20190625,000426.SZ,5.7,5.85,5.63,5.73,0.1,449486.01,257908.615
20190626,000426.SZ,5.62,5.63,5.35,5.42,-0.31,275563.85,150399.155
20190627,000426.SZ,5.42,5.52,5.38,5.43,0.01,153365.44,83701.08
20190628,000426.SZ,5.5,5.52,5.31,5.37,-0.06,163918.29,88792.809
20190701,000426.SZ,5.41,5.47,5.36,5.45,0.08,177913.58,96382.57
20190702,000426.SZ,5.43,5.55,5.4,5.5,0.05,179392.37,97929.131
20190703,000426.SZ,5.62,5.67,5.42,5.47,-0.03,203612.06,112415.421
20190704,000426.SZ,5.4,5.44,5.01,5.2,-0.27,254162.91,133697.93
20190705,000426.SZ,5.2,5.24,5.12,5.2,0.0,81857.26,42469.895
20190708,000426.SZ,5.17,5.17,4.93,5.02,-0.18,154837.93,77721.621
20190709,000426.SZ,5.04,5.07,4.97,5.07,0.05,73340.02,36832.992
20190710,000426.SZ,5.12,5.12,4.95,5.05,-0.02,77406.0,38830.939
20190711,000426.SZ,5.04,5.15,5.03,5.1,0.05,113868.64,57899.126
20190712,000426.SZ,5.09,5.13,5.02,5.1,0.0,99325.68,50401.116
20190715,000426.SZ,5.05,5.12,5.01,5.11,0.01,79717.05,40469.42
20190716,000426.SZ,5.1,5.21,5.08,5.21,0.1,118407.88,60975.346
20190717,000426.SZ,5.31,5.55,5.3,5.42,0.21,395352.3,214955.321
20190718,000426.SZ,5.7,5.85,5.46,5.46,0.04,520061.49,293770.139
20190719,000426.SZ,5.7,5.76,5.48,5.59,0.13,393081.99,219459.671
20190722,000426.SZ,5.46,5.63,5.39,5.43,-0.16,303572.5,167385.564
20190723,000426.SZ,5.31,5.43,5.31,5.37,-0.06,216036.16,115799.724
20190724,000426.SZ,5.36,5.43,5.25,5.38,0.01,246273.58,131637.521
20190725,000426.SZ,5.31,5.36,5.16,5.22,-0.16,207621.09,108542.242
20190726,000426.SZ,5.16,5.2,5.08,5.14,-0.08,175837.06,90187.933
20190729,000426.SZ,5.14,5.21,5.13,5.17,0.03,106000.39,54863.993
20190730,000426.SZ,5.14,5.22,5.1,5.19,0.02,105375.32,54582.831
20190731,000426.SZ,5.19,5.19,5.13,5.15,-0.04,70951.45,36582.843
20190801,000426.SZ,5.05,5.12,5.03,5.06,-0.09,119320.2,60483.727
20190802,000426.SZ,5.04,5.11,4.94,4.98,-0.08,134384.62,67435.86
20190805,000426.SZ,5.0,5.28,4.97,5.19,0.21,232117.89,119856.007
20190806,000426.SZ,5.2,5.23,4.98,5.02,-0.17,187475.29,94955.144
20190807,000426.SZ,5.09,5.29,5.06,5.27,0.25,274228.9,142930.634
20190808,000426.SZ,5.45,5.45,5.22,5.33,0.06,276334.15,146874.929
20190809,000426.SZ,5.35,5.5,5.23,5.41,0.08,366422.66,197686.531
20190812,000426.SZ,5.32,5.39,5.15,5.24,-0.17,229431.28,121034.353
20190813,000426.SZ,5.28,5.39,5.23,5.38,0.14,269228.0,143359.603
20190814,000426.SZ,5.23,5.26,5.15,5.18,-0.2,221759.19,115469.439
20190815,000426.SZ,5.2,5.21,5.01,5.1,-0.08,168663.87,86042.056
20190816,000426.SZ,5.09,5.09,5.05,5.07,-0.03,98774.69,50068.009
20190819,000426.SZ,5.08,5.14,5.04,5.14,0.07,127772.64,65075.781
20190820,000426.SZ,5.1,5.22,5.07,5.19,0.05,150690.32,77617.617
20190821,000426.SZ,5.18,5.19,5.1,5.13,-0.06,89181.02,45732.327
20190822,000426.SZ,5.13,5.13,5.06,5.1,-0.03,71068.67,36151.594
20190823,000426.SZ,5.08,5.11,5.06,5.08,-0.02,62509.43,31800.89
20190826,000426.SZ,5.13,5.22,5.05,5.07,-0.01,117724.61,60174.079
20190827,000426.SZ,5.07,5.11,5.02,5.09,0.02,138045.41,69868.005
20190828,000426.SZ,5.12,5.17,5.09,5.12,0.03,142569.03,73100.384
20190829,000426.SZ,5.09,5.25,5.02,5.22,0.1,225774.54,115785.233
20190830,000426.SZ,5.12,5.74,5.11,5.74,0.52,833810.45,461704.838
20190902,000426.SZ,6.2,6.2,5.75,5.9,0.16,886957.45,532996.088
20190903,000426.SZ,5.9,5.94,5.62,5.62,-0.28,663513.41,380590.567
20190904,000426.SZ,5.82,6.18,5.68,6.02,0.4,1125659.57,673607.1
20190905,000426.SZ,6.03,6.62,6.03,6.6,0.58,1233192.38,797793.162
20190906,000426.SZ,6.34,6.45,6.13,6.25,-0.35,776804.03,487027.639
20190909,000426.SZ,6.15,6.34,6.04,6.2,-0.05,499422.84,307696.716
20190910,000426.SZ,6.09,6.2,6.0,6.16,-0.04,361194.11,220563.531
20190911,000426.SZ,6.12,6.33,6.11,6.15,-0.01,368883.95,229090.081
20190912,000426.SZ,6.13,6.14,5.85,6.06,-0.09,414500.24,248085.15
20190916,000426.SZ,6.01,6.14,5.91,6.02,-0.04,390568.25,234347.439
20190917,000426.SZ,6.0,6.07,5.76,5.81,-0.21,300080.95,177197.693
20190918,000426.SZ,5.83,5.88,5.73,5.78,-0.03,163521.07,94751.607
20190919,000426.SZ,5.71,5.9,5.66,5.84,0.06,186892.41,108452.117
20190920,000426.SZ,5.84,5.92,5.77,5.9,0.06,188397.01,110140.542
20190923,000426.SZ,5.95,6.0,5.86,5.87,-0.03,246000.48,145862.209
20190924,000426.SZ,5.96,6.02,5.84,5.9,0.03,216334.46,127987.083
20190925,000426.SZ,5.89,5.89,5.58,5.62,-0.28,266555.77,151627.743
20190926,000426.SZ,5.52,5.56,5.42,5.42,-0.2,193052.46,106128.135
20190927,000426.SZ,5.43,5.52,5.34,5.43,0.01,102514.95,55806.322
20190930,000426.SZ,5.46,5.47,5.35,5.36,-0.07,85382.03,46076.151
20191008,000426.SZ,5.27,5.48,5.27,5.35,-0.01,79028.06,42392.08
20191009,000426.SZ,5.43,5.61,5.42,5.47,0.12,150491.26,82669.05
20191010,000426.SZ,5.44,5.54,5.4,5.52,0.05,116315.0,63403.98
20191011,000426.SZ,5.41,5.56,5.38,5.45,-0.07,137062.19,74641.463
20191014,000426.SZ,5.41,5.46,5.37,5.4,-0.05,138563.15,74951.472
20191015,000426.SZ,5.38,5.39,5.13,5.21,-0.19,204593.4,107007.149
20191016,000426.SZ,5.18,5.24,5.08,5.09,-0.12,132245.89,68060.712
20191017,000426.SZ,5.11,5.13,5.05,5.12,0.03,82196.26,41894.579
20191018,000426.SZ,5.11,5.14,4.98,5.03,-0.09,119935.02,60706.263
20191021,000426.SZ,5.03,5.15,4.97,5.15,0.12,117522.99,59103.354
20191022,000426.SZ,5.08,5.11,5.04,5.08,-0.07,90142.94,45757.776
20191023,000426.SZ,5.12,5.27,5.07,5.26,0.18,185398.61,96184.619
20191024,000426.SZ,5.28,5.28,5.15,5.16,-0.1,96956.99,50427.671
20191025,000426.SZ,5.16,5.22,5.06,5.22,0.06,106860.05,55030.295
20191028,000426.SZ,5.15,5.22,5.13,5.16,-0.06,132162.29,68275.366
20191029,000426.SZ,5.12,5.15,5.0,5.05,-0.11,125192.05,63498.067
20191030,000426.SZ,5.05,5.05,4.96,5.0,-0.05,71085.46,35549.213
20191031,000426.SZ,5.01,5.05,4.99,5.0,0.0,56221.26,28188.093
20191101,000426.SZ,5.03,5.05,4.98,5.02,0.02,66886.05,33561.925
20191104,000426.SZ,5.02,5.02,4.95,4.97,-0.05,82296.14,41040.373
20191105,000426.SZ,4.95,4.96,4.47,4.48,-0.49,537298.19,247337.545
20191106,000426.SZ,4.42,4.52,4.38,4.41,-0.07,197237.1,87393.434
20191107,000426.SZ,4.4,4.49,4.2,4.44,0.03,164076.58,71613.316
20191108,000426.SZ,4.43,4.49,4.36,4.39,-0.05,133551.16,59122.069
20191111,000426.SZ,4.39,4.39,4.22,4.28,-0.11,112099.31,47903.051
20191112,000426.SZ,4.27,4.29,4.13,4.25,-0.03,107984.39,45443.278
20191113,000426.SZ,4.23,4.31,4.18,4.25,0.0,89479.03,38031.072
20191114,000426.SZ,4.23,4.26,4.21,4.22,-0.03,63323.42,26760.107
20191115,000426.SZ,4.21,4.25,4.13,4.22,0.0,99872.71,41805.527
20191118,000426.SZ,4.2,4.2,4.05,4.14,-0.08,115315.84,47346.327
20191119,000426.SZ,4.1,4.23,4.1,4.21,0.07,93949.02,39203.222
20191120,000426.SZ,4.23,4.25,4.19,4.21,0.0,91704.0,38699.89
20191121,000426.SZ,4.18,4.28,4.16,4.22,0.01,80259.8,33988.854
20191122,000426.SZ,4.23,4.32,4.19,4.23,0.01,122265.86,52010.238
20191125,000426.SZ,4.24,4.36,4.21,4.32,0.09,125558.45,53964.279
20191126,000426.SZ,4.29,4.33,4.23,4.24,-0.08,84570.18,36061.252
20191127,000426.SZ,4.22,4.27,4.16,4.23,-0.01,84020.49,35429.687
20191128,000426.SZ,4.23,4.24,4.12,4.14,-0.09,73038.85,30463.213
20191129,000426.SZ,4.15,4.19,4.11,4.15,0.01,59109.93,24478.697
20191202,000426.SZ,4.15,4.17,4.11,4.16,0.01,53878.43,22338.751
20191203,000426.SZ,4.22,4.58,4.2,4.58,0.42,306924.89,136618.147
20191204,000426.SZ,4.59,4.86,4.51,4.77,0.19,543537.94,256113.287
20191205,000426.SZ,4.68,4.7,4.57,4.65,-0.12,265113.97,123279.599
20191206,000426.SZ,4.65,4.69,4.55,4.64,-0.01,180458.53,83232.906
20191209,000426.SZ,4.6,4.72,4.58,4.68,0.04,130931.18,60876.911
20191210,000426.SZ,4.67,4.83,4.64,4.67,-0.01,146138.0,68989.523
20191211,000426.SZ,4.69,4.72,4.61,4.69,0.02,111905.28,52091.216
20191212,000426.SZ,4.72,4.74,4.63,4.68,-0.01,112885.54,52775.104
20191213,000426.SZ,4.67,4.68,4.62,4.65,-0.03,94255.0,43832.707
20191216,000426.SZ,4.89,4.94,4.72,4.76,0.11,197292.64,94345.393
20191217,000426.SZ,4.74,4.77,4.65,4.74,-0.02,220514.68,104049.581
20191218,000426.SZ,4.7,4.7,4.58,4.65,-0.09,175141.71,81066.791
20191219,000426.SZ,4.64,4.66,4.59,4.66,0.01,106259.92,49140.042
20191220,000426.SZ,4.63,4.72,4.62,4.62,-0.04,104043.0,48466.738
20191223,000426.SZ,4.63,4.65,4.5,4.51,-0.11,102169.02,46630.921
20191224,000426.SZ,4.49,4.61,4.47,4.59,0.08,119244.46,54242.676
20191225,000426.SZ,4.66,4.7,4.59,4.63,0.04,141592.02,65765.992
20191226,000426.SZ,4.65,5.0,4.65,4.95,0.32,351017.91,170185.91
20191227,000426.SZ,4.96,5.14,4.92,5.03,0.08,298881.44,150548.234
20191230,000426.SZ,4.89,5.02,4.85,4.99,-0.04,206418.0,102272.478
20191231,000426.SZ,4.97,5.02,4.89,4.97,-0.02,157309.05,78068.508
20200102,000426.SZ,5.02,5.15,4.95,5.03,0.06,179199.66,90485.915
20200103,000426.SZ,5.05,5.2,5.0,5.18,0.15,190680.81,97512.494
20200106,000426.SZ,5.23,5.35,5.2,5.29,0.11,199205.58,104945.671
20200107,000426.SZ,5.31,5.35,5.21,5.27,-0.02,173211.06,91278.964
20200108,000426.SZ,5.43,5.46,5.23,5.28,0.01,192649.02,102365.256
20200109,000426.SZ,5.15,5.32,5.13,5.22,-0.06,134672.67,70498.149
20200110,000426.SZ,5.2,5.49,5.18,5.46,0.24,247057.08,132229.393
20200113,000426.SZ,5.56,5.63,5.45,5.5,0.04,186136.42,102722.943
20200114,000426.SZ,5.45,5.62,5.42,5.52,0.02,169146.56,93855.992
20200115,000426.SZ,5.52,5.67,5.46,5.59,0.07,135160.22,75237.132
20200116,000426.SZ,5.64,5.67,5.53,5.55,-0.04,106610.42,59403.424
20200117,000426.SZ,5.55,5.64,5.49,5.56,0.01,127804.44,71026.66
20200120,000426.SZ,5.56,5.63,5.5,5.57,0.01,132292.06,73477.566
20200121,000426.SZ,5.65,5.88,5.58,5.65,0.08,279641.43,160682.298
20200122,000426.SZ,5.55,5.58,5.36,5.47,-0.18,210728.8,115096.012
20200123,000426.SZ,5.3,5.3,4.92,5.07,-0.4,349132.07,179134.693
20200203,000426.SZ,4.56,4.68,4.56,4.56,-0.51,191852.94,87737.975
20200204,000426.SZ,4.5,4.7,4.5,4.64,0.08,206194.49,95404.727
20200205,000426.SZ,4.61,4.77,4.61,4.69,0.05,214307.45,100415.834
20200206,000426.SZ,4.7,4.73,4.62,4.7,0.01,181811.54,85111.697
20200207,000426.SZ,4.68,4.75,4.61,4.68,-0.02,145682.88,68241.112
20200210,000426.SZ,4.64,4.88,4.62,4.87,0.19,176081.84,83420.304
20200211,000426.SZ,4.82,5.02,4.8,4.91,0.04,218080.35,106971.483
20200212,000426.SZ,4.89,5.05,4.88,5.01,0.1,167900.1,83763.64
20200213,000426.SZ,5.03,5.14,4.98,5.02,0.01,165577.71,83652.179
20200214,000426.SZ,5.02,5.14,4.99,5.1,0.08,139694.34,71003.099
20200217,000426.SZ,5.13,5.21,5.11,5.19,0.09,145076.74,74937.038
20200218,000426.SZ,5.2,5.71,5.18,5.59,0.4,365079.82,200637.571
20200219,000426.SZ,5.75,6.04,5.55,5.78,0.19,590672.39,343308.253
20200220,000426.SZ,5.81,5.96,5.72,5.92,0.14,331725.44,194694.497
20200221,000426.SZ,5.92,6.27,5.89,6.22,0.3,410041.09,250343.29
20200224,000426.SZ,6.36,6.39,5.97,6.11,-0.11,481468.96,294797.963
20200225,000426.SZ,5.8,5.94,5.77,5.8,-0.31,456929.09,266884.462
20200226,000426.SZ,5.59,5.81,5.59,5.67,-0.13,261817.12,149313.278
20200227,000426.SZ,5.7,5.83,5.66,5.77,0.1,200438.14,114953.607
20200228,000426.SZ,5.55,5.58,5.27,5.3,-0.47,337417.15,183092.622
20200302,000426.SZ,5.3,5.48,5.28,5.47,0.17,196594.79,106088.276
20200303,000426.SZ,5.54,5.64,5.47,5.49,0.02,164611.06,91344.141
20200304,000426.SZ,5.58,5.68,5.49,5.58,0.09,178784.03,99940.814
20200305,000426.SZ,5.6,5.61,5.52,5.58,0.0,170135.07,94904.47
20200306,000426.SZ,5.62,5.67,5.5,5.55,-0.03,162178.87,90511.884
20200309,000426.SZ,5.5,5.5,5.23,5.26,-0.29,218788.22,117159.419
20200310,000426.SZ,5.18,5.38,5.11,5.37,0.11,167030.0,88022.798
20200311,000426.SZ,5.35,5.43,5.32,5.35,-0.02,121502.02,65417.444
20200312,000426.SZ,5.26,5.29,5.14,5.17,-0.18,119277.04,61935.488
20200313,000426.SZ,4.8,5.13,4.77,5.08,-0.09,189643.98,93608.431
20200316,000426.SZ,5.03,5.07,4.85,4.88,-0.2,143498.82,71496.525
20200317,000426.SZ,4.85,4.96,4.65,4.74,-0.14,134645.5,64110.365
20200318,000426.SZ,4.8,4.84,4.64,4.66,-0.08,94803.5,44972.737
20200319,000426.SZ,4.7,4.77,4.64,4.75,0.09,102038.52,48053.526
20200320,000426.SZ,4.81,5.23,4.81,5.23,0.48,158972.2,81198.226
20200323,000426.SZ,5.13,5.58,5.02,5.25,0.02,296978.71,158598.869
20200324,000426.SZ,5.65,5.71,5.35,5.48,0.23,315749.76,173451.008
20200325,000426.SZ,5.59,5.59,5.39,5.42,-0.06,255823.71,139725.881
20200326,000426.SZ,5.35,5.51,5.3,5.45,0.03,152535.89,82657.409
20200327,000426.SZ,5.46,5.77,5.41,5.5,0.05,204454.3,113705.46
20200330,000426.SZ,5.37,5.4,5.17,5.3,-0.2,165227.07,87387.464
20200331,000426.SZ,5.35,5.35,5.25,5.26,-0.04,85345.0,45166.771
20200401,000426.SZ,5.18,5.37,5.14,5.29,0.03,94454.56,49645.336
20200402,000426.SZ,5.22,5.33,5.19,5.31,0.02,84200.03,44407.453
20200403,000426.SZ,5.36,5.42,5.26,5.32,0.01,84377.53,45016.506
20200407,000426.SZ,5.48,5.6,5.42,5.55,0.23,182954.99,100998.275
20200408,000426.SZ,5.49,5.58,5.41,5.5,-0.05,141010.16,77412.714
20200409,000426.SZ,5.52,5.58,5.48,5.5,0.0,98113.48,54151.207
20200410,000426.SZ,5.58,5.7,5.38,5.5,0.0,196281.71,108959.946
20200413,000426.SZ,5.38,5.49,5.37,5.39,-0.11,86223.06,46732.881
20200414,000426.SZ,5.46,5.65,5.38,5.51,0.12,250623.25,138387.357
20200415,000426.SZ,5.51,5.57,5.33,5.35,-0.16,176819.54,96150.193
20200416,000426.SZ,5.31,5.43,5.24,5.4,0.05,116961.07,62120.015
20200417,000426.SZ,5.38,5.47,5.32,5.38,-0.02,97826.8,52630.206
20200420,000426.SZ,5.42,5.64,5.38,5.56,0.18,156759.45,86332.25
20200421,000426.SZ,5.44,5.45,5.29,5.34,-0.22,163856.78,87734.246
20200422,000426.SZ,5.23,5.29,5.16,5.27,-0.07,125096.29,65398.872
20200423,000426.SZ,5.28,5.45,5.28,5.4,0.13,141790.06,76344.587
20200424,000426.SZ,5.42,5.48,5.36,5.4,0.0,140420.1,76225.808
20200427,000426.SZ,5.38,5.43,5.2,5.23,-0.17,123318.92,65354.376
20200428,000426.SZ,5.26,5.3,5.05,5.13,-0.1,120856.75,62018.834
20200429,000426.SZ,5.15,5.17,4.93,4.98,-0.15,111850.0,56276.271
20200430,000426.SZ,4.98,5.12,4.98,5.1,0.12,85423.39,43288.164
20200506,000426.SZ,5.07,5.16,5.03,5.13,0.03,79134.0,40487.091
20200507,000426.SZ,5.05,5.08,4.96,4.98,-0.15,112629.35,56504.018
20200508,000426.SZ,5.05,5.37,5.04,5.29,0.31,156530.85,81384.005
20200511,000426.SZ,5.3,5.45,5.3,5.34,0.05,138050.9,74034.629
20200512,000426.SZ,5.32,5.4,5.23,5.3,-0.04,60487.37,32029.042
20200513,000426.SZ,5.28,5.47,5.25,5.39,0.09,135975.15,73313.856
20200514,000426.SZ,5.33,5.44,5.32,5.39,0.0,92851.78,49792.805
20200515,000426.SZ,5.49,5.55,5.42,5.49,0.1,176517.07,97025.797
20200518,000426.SZ,5.8,5.83,5.64,5.71,0.22,296026.46,169387.65
20200519,000426.SZ,5.65,5.65,5.49,5.5,-0.21,172302.49,95937.185
20200520,000426.SZ,5.58,5.67,5.45,5.58,0.08,139115.82,77655.414
20200521,000426.SZ,5.56,5.6,5.38,5.38,-0.2,119594.09,65355.892
20200522,000426.SZ,5.3,5.35,5.2,5.32,-0.06,104700.7,55344.63
20200525,000426.SZ,5.37,5.64,5.35,5.39,0.07,162424.48,89172.82
20200526,000426.SZ,5.43,5.93,5.36,5.81,0.42,437551.59,250477.12
20200527,000426.SZ,5.8,5.93,5.71,5.77,-0.04,260259.74,151163.363
20200528,000426.SZ,5.8,5.93,5.75,5.85,0.08,217420.96,126638.117
20200529,000426.SZ,5.81,6.33,5.76,6.2,0.35,433376.04,264095.94
20200601,000426.SZ,6.31,6.82,6.3,6.77,0.57,542859.51,360554.247
20200602,000426.SZ,6.78,6.87,6.58,6.74,-0.03,315607.45,212616.252
20200603,000426.SZ,6.62,6.71,6.53,6.58,-0.16,288694.28,191034.236
20200604,000426.SZ,6.58,6.78,6.53,6.69,0.11,220096.96,146263.797
20200605,000426.SZ,6.74,7.36,6.59,7.25,0.56,485106.03,344479.096
20200608,000426.SZ,7.16,7.23,6.74,6.77,-0.48,395703.87,272713.047
20200609,000426.SZ,6.86,7.05,6.74,6.77,0.0,226706.25,155746.994
20200610,000426.SZ,6.79,7.17,6.66,6.88,0.11,417597.68,287951.234
20200611,000426.SZ,6.72,6.82,6.46,6.49,-0.39,356093.06,234619.911
20200612,000426.SZ,6.36,6.82,6.31,6.57,0.08,349222.31,228462.763
20200615,000426.SZ,6.54,6.75,6.31,6.38,-0.19,289885.04,189340.331
20200616,000426.SZ,6.46,6.46,6.32,6.38,0.0,177386.0,113125.988
20200617,000426.SZ,6.37,6.99,6.37,6.94,0.56,386129.41,256975.622
20200618,000426.SZ,6.95,7.22,6.85,6.91,-0.03,350036.74,245839.561
20200619,000426.SZ,6.93,7.45,6.93,7.17,0.26,461006.62,334775.767
20200622,000426.SZ,7.22,7.39,7.05,7.13,-0.04,341637.0,246715.346
20200623,000426.SZ,7.11,7.16,6.86,6.9,-0.23,249778.0,173870.291
20200624,000426.SZ,6.96,7.13,6.75,6.96,0.06,330148.74,228024.42
20200629,000426.SZ,7.03,7.65,6.98,7.3,0.34,472021.95,345502.669
20200630,000426.SZ,7.44,7.44,6.57,6.88,-0.42,694977.25,482008.242
20200701,000426.SZ,6.8,7.57,6.77,7.57,0.69,1107924.96,820007.792
20200702,000426.SZ,7.2,7.68,6.81,7.45,-0.12,1057842.05,763407.971
20200703,000426.SZ,7.36,8.2,7.36,8.2,0.75,911804.15,729033.713
20200706,000426.SZ,8.3,8.85,8.05,8.73,0.53,828395.17,693399.49
20200707,000426.SZ,8.48,8.7,8.3,8.41,-0.32,594675.52,505302.337
20200708,000426.SZ,8.32,8.69,8.1,8.53,0.12,532674.2,450904.255
20200709,000426.SZ,8.65,9.38,8.61,9.33,0.8,646031.13,579878.563
20200710,000426.SZ,9.16,9.98,8.95,9.44,0.11,695920.74,652508.359
20200713,000426.SZ,9.46,9.76,9.2,9.56,0.12,534625.83,505929.763
20200714,000426.SZ,9.34,9.64,8.88,9.31,-0.25,455126.61,422315.549
20200715,000426.SZ,9.21,9.6,8.96,9.24,-0.07,438534.12,404157.46
20200716,000426.SZ,9.3,9.55,8.96,9.04,-0.2,391189.84,363908.622
20200717,000426.SZ,8.91,8.98,8.3,8.61,-0.43,309358.74,266826.88
20200720,000426.SZ,8.6,8.91,8.42,8.76,0.15,328673.45,286562.826
20200721,000426.SZ,9.12,9.57,9.11,9.4,0.64,551744.21,517544.84
20200722,000426.SZ,10.34,10.34,10.02,10.34,0.94,879308.32,903891.534
20200723,000426.SZ,10.4,10.85,10.17,10.42,0.08,704502.71,735229.695
20200724,000426.SZ,10.01,10.2,9.38,9.39,-1.03,750835.16,731906.225
20200727,000426.SZ,9.63,10.2,9.35,9.95,0.56,535859.67,528870.023
20200728,000426.SZ,10.95,10.95,9.44,9.56,-0.39,1139767.94,1178387.051
20200729,000426.SZ,9.56,9.74,8.8,9.61,0.05,759911.91,703497.649
20200730,000426.SZ,9.56,9.75,9.14,9.15,-0.46,525080.34,492435.705
20200731,000426.SZ,9.17,9.65,8.86,9.4,0.25,695203.89,637190.643
20200803,000426.SZ,9.26,9.4,9.13,9.27,-0.13,403150.17,372910.983
20200804,000426.SZ,9.26,9.38,8.9,8.96,-0.31,434950.35,393089.647
20200805,000426.SZ,9.3,9.38,8.97,9.34,0.38,496294.04,456372.803
20200806,000426.SZ,9.55,10.23,9.36,9.85,0.51,921357.05,896344.018
20200807,000426.SZ,10.29,10.5,9.59,9.79,-0.06,832954.68,843028.736
20200810,000426.SZ,9.3,9.4,8.96,9.24,-0.55,518669.1,475068.422
20200811,000426.SZ,9.3,9.35,8.5,8.72,-0.52,531579.1,477672.635
20200812,000426.SZ,8.01,8.23,7.85,8.13,-0.59,596465.15,478131.864
20200813,000426.SZ,8.17,8.2,7.9,7.95,-0.18,284803.43,227740.368
20200814,000426.SZ,8.1,8.17,7.96,8.16,0.21,271105.14,218862.84
20200817,000426.SZ,8.05,8.49,8.0,8.44,0.28,329526.65,271743.844
20200818,000426.SZ,8.4,8.62,8.28,8.43,-0.01,392281.23,330236.334
20200819,000426.SZ,8.4,8.4,8.01,8.06,-0.37,281089.91,229693.316
20200820,000426.SZ,7.89,7.92,7.7,7.81,-0.25,226472.07,176864.892
20200821,000426.SZ,7.82,7.89,7.69,7.72,-0.09,186463.92,144635.555
20200824,000426.SZ,7.63,7.78,7.41,7.72,0.0,164863.62,126315.034
20200825,000426.SZ,7.72,7.77,7.52,7.59,-0.13,152587.19,116206.838
20200826,000426.SZ,7.55,7.58,7.25,7.3,-0.29,178638.61,131889.177
20200827,000426.SZ,7.45,7.55,7.31,7.45,0.15,135261.01,100125.898
20200828,000426.SZ,7.44,7.54,7.33,7.53,0.08,114584.36,85103.455
20200831,000426.SZ,7.62,7.9,7.62,7.78,0.25,239735.06,186355.187
20200901,000426.SZ,7.79,8.19,7.78,8.15,0.37,273127.22,219810.199
20200902,000426.SZ,8.03,8.08,7.86,7.9,-0.25,167693.74,133111.193
20200903,000426.SZ,7.83,7.96,7.72,7.73,-0.17,116914.0,91208.259
20200904,000426.SZ,7.6,7.84,7.54,7.8,0.07,127687.16,98720.331
20200907,000426.SZ,7.78,7.87,7.55,7.61,-0.19,133214.63,102411.418
20200908,000426.SZ,7.53,7.66,7.4,7.62,0.01,112517.49,84323.126
20200909,000426.SZ,7.51,7.54,7.36,7.45,-0.17,105955.59,78991.429
20200910,000426.SZ,7.54,7.58,7.37,7.41,-0.04,82161.27,61403.641
20200911,000426.SZ,7.32,7.56,7.24,7.56,0.15,75148.68,55522.001
20200914,000426.SZ,7.58,7.78,7.47,7.56,0.0,92665.88,70311.964
20200915,000426.SZ,7.63,7.82,7.47,7.82,0.26,148714.64,114838.032
20200916,000426.SZ,7.71,7.73,7.59,7.66,-0.16,87048.26,66475.504
20200917,000426.SZ,7.57,7.61,7.36,7.38,-0.28,156378.09,116175.698
20200918,000426.SZ,7.37,7.56,7.33,7.55,0.17,128975.09,95993.238
20200921,000426.SZ,7.56,7.69,7.5,7.58,0.03,96668.01,73491.372
20200922,000426.SZ,7.26,7.37,7.16,7.22,-0.36,163072.71,118745.109
20200923,000426.SZ,7.25,7.29,7.08,7.1,-0.12,106193.99,76197.736
20200924,000426.SZ,6.99,7.04,6.85,6.86,-0.24,134418.0,93226.492
20200925,000426.SZ,6.95,7.01,6.84,6.94,0.08,79398.42,54876.034
20200928,000426.SZ,6.94,7.02,6.75,6.82,-0.12,106640.74,73017.086
20200929,000426.SZ,6.91,7.08,6.83,6.84,0.02,95613.0,66286.566
20200930,000426.SZ,6.86,6.95,6.78,6.88,0.04,60190.82,41107.548
20201009,000426.SZ,6.95,7.08,6.91,6.98,0.1,94362.42,66000.842
20201012,000426.SZ,7.1,7.61,7.1,7.55,0.57,284343.65,210080.695
20201013,000426.SZ,7.46,7.73,7.43,7.65,0.1,191784.69,145922.456
20201014,000426.SZ,7.5,7.7,7.41,7.56,-0.09,151001.54,114474.894
20201015,000426.SZ,7.59,7.67,7.41,7.43,-0.13,135356.39,101781.96
20201016,000426.SZ,7.46,7.72,7.43,7.46,0.03,118383.44,89270.458
20201019,000426.SZ,7.7,7.72,7.46,7.61,0.15,107149.21,81237.42
20201020,000426.SZ,7.54,7.6,7.47,7.54,-0.07,62042.36,46650.857
20201021,000426.SZ,7.63,7.65,7.52,7.57,0.03,90983.32,69065.798
20201022,000426.SZ,7.5,7.51,7.38,7.42,-0.15,81176.0,60296.131
20201023,000426.SZ,7.4,7.42,7.19,7.22,-0.2,91035.8,66212.733
20201026,000426.SZ,7.16,7.2,6.96,7.01,-0.21,113183.2,79772.612
20201027,000426.SZ,6.97,7.19,6.96,7.11,0.1,136905.81,96584.52
20201028,000426.SZ,7.04,7.15,6.98,7.15,0.04,84705.46,59897.082
20201029,000426.SZ,6.93,7.07,6.88,7.05,-0.1,130700.43,90935.289
20201030,000426.SZ,7.0,7.04,6.65,6.87,-0.18,133048.82,92305.778
20201102,000426.SZ,6.8,7.31,6.7,7.3,0.43,196495.47,139551.996
20201103,000426.SZ,7.32,7.57,7.24,7.49,0.19,152678.02,113836.834
20201104,000426.SZ,7.47,7.62,7.42,7.51,0.02,134750.19,101226.482
20201105,000426.SZ,7.53,7.58,7.47,7.51,0.0,111737.03,84016.017
20201106,000426.SZ,7.8,7.82,7.56,7.64,0.13,242718.63,186357.682
20201109,000426.SZ,7.74,8.06,7.66,7.98,0.34,228976.93,181887.996
20201110,000426.SZ,7.51,7.79,7.51,7.66,-0.32,186966.0,143288.874
20201111,000426.SZ,7.64,7.99,7.59,7.75,0.09,174639.4,135973.788
20201112,000426.SZ,7.75,7.89,7.68,7.77,0.02,94903.05,73722.229
20201113,000426.SZ,7.7,7.92,7.7,7.81,0.04,140346.98,109631.841
20201116,000426.SZ,7.98,8.18,7.85,8.06,0.25,279888.61,225073.732
20201117,000426.SZ,8.17,8.28,7.88,7.98,-0.08,261304.42,211819.559
20201118,000426.SZ,7.89,8.21,7.82,8.01,0.03,166847.19,133657.904
20201119,000426.SZ,7.95,7.98,7.63,7.72,-0.29,198644.15,153663.988
20201120,000426.SZ,7.69,7.96,7.66,7.9,0.18,160246.83,125187.768
20201123,000426.SZ,8.03,8.33,7.94,8.21,0.31,383163.71,313258.043
20201124,000426.SZ,8.1,8.19,7.85,8.04,-0.17,317274.81,253200.507
20201125,000426.SZ,7.96,8.08,7.69,7.69,-0.35,212886.85,167335.571
20201126,000426.SZ,7.7,7.78,7.55,7.7,0.01,121083.25,92702.925
20201127,000426.SZ,7.7,7.76,7.53,7.68,-0.02,105605.94,80491.992
20201130,000426.SZ,7.55,7.9,7.41,7.56,-0.12,235540.9,179908.682
20201201,000426.SZ,7.57,7.61,7.4,7.57,0.01,156525.97,117235.577
20201202,000426.SZ,7.78,8.33,7.78,7.98,0.41,474053.59,381855.04
20201203,000426.SZ,7.86,7.91,7.51,7.66,-0.32,338220.55,259286.952
20201204,000426.SZ,7.62,7.76,7.56,7.68,0.02,121749.26,93475.866
20201207,000426.SZ,7.65,7.71,7.5,7.5,-0.18,131201.02,99510.411
20201208,000426.SZ,7.62,7.63,7.48,7.55,0.05,111371.0,84118.423
20201209,000426.SZ,7.55,7.56,7.16,7.22,-0.33,220803.62,161569.7
20201210,000426.SZ,7.2,7.35,6.77,7.25,0.03,147324.36,105470.612
20201211,000426.SZ,7.32,7.45,7.19,7.23,-0.02,90153.42,65704.003
20201214,000426.SZ,7.12,7.23,7.01,7.16,-0.07,65437.0,46635.915
20201215,000426.SZ,7.16,7.22,7.05,7.14,-0.02,72040.53,51266.386
20201216,000426.SZ,7.27,7.58,7.18,7.47,0.33,185083.8,137142.383
20201217,000426.SZ,7.49,7.86,7.34,7.79,0.32,285355.92,218228.489
20201218,000426.SZ,7.93,7.97,7.78,7.82,0.03,282260.5,222322.962
20201221,000426.SZ,8.1,8.22,7.9,8.17,0.35,426186.19,345853.065
20201222,000426.SZ,8.03,8.03,7.72,7.73,-0.44,282922.0,222542.748
20201223,000426.SZ,7.62,7.85,7.6,7.64,-0.09,212903.0,163748.198
20201224,000426.SZ,7.75,7.87,7.51,7.6,-0.04,189793.97,145397.693
20201225,000426.SZ,7.52,7.83,7.4,7.75,0.15,233708.5,178472.516
20201228,000426.SZ,7.83,8.14,7.81,7.99,0.24,390594.46,313196.381
20201229,000426.SZ,7.96,8.03,7.61,7.69,-0.3,243973.59,191165.971
20201230,000426.SZ,7.72,7.92,7.65,7.86,0.17,213540.24,167079.059
20201231,000426.SZ,7.94,7.98,7.82,7.84,-0.02,170621.56,134592.886
20210104,000426.SZ,8.0,8.11,7.92,8.01,0.17,288387.42,231305.418
20210105,000426.SZ,8.0,8.13,7.91,7.92,-0.09,258555.77,206398.712
20210106,000426.SZ,7.99,8.06,7.8,7.83,-0.09,205942.03,162777.444
20210107,000426.SZ,7.73,8.04,7.68,7.83,0.0,249890.05,196494.926
20210108,000426.SZ,7.8,7.83,7.55,7.68,-0.15,207011.39,158407.016
20210111,000426.SZ,7.3,7.38,7.15,7.23,-0.45,254645.46,185193.539
20210112,000426.SZ,7.22,7.33,7.2,7.31,0.08,133671.89,97207.049
20210113,000426.SZ,7.35,7.46,7.0,7.19,-0.12,206193.4,148883.771
20210114,000426.SZ,7.1,7.17,6.97,7.03,-0.16,253516.29,178506.335
20210115,000426.SZ,7.05,7.15,6.96,7.05,0.02,166942.96,117398.802
20210118,000426.SZ,6.99,7.31,6.96,7.28,0.23,181275.74,130284.228
20210119,000426.SZ,7.31,7.36,7.13,7.2,-0.08,152460.28,110458.26
20210120,000426.SZ,7.2,7.47,7.2,7.43,0.23,159086.4,117099.715
20210121,000426.SZ,7.47,7.74,7.39,7.71,0.28,215434.72,163834.916
20210122,000426.SZ,7.68,7.79,7.44,7.6,-0.11,255867.98,194501.397
20210125,000426.SZ,7.6,7.62,7.05,7.44,-0.16,189669.98,141338.266
20210126,000426.SZ,7.36,7.57,7.29,7.45,0.01,147995.62,109744.351
20210127,000426.SZ,7.4,7.45,7.24,7.37,-0.08,115740.08,84968.145
20210128,000426.SZ,7.25,7.38,7.11,7.13,-0.24,114416.49,82892.513
20210129,000426.SZ,7.3,7.5,7.08,7.13,0.0,253848.3,183607.242
20210201,000426.SZ,7.79,7.84,7.59,7.84,0.71,480433.87,374313.137
20210202,000426.SZ,7.95,8.35,7.83,8.2,0.36,776423.07,631284.368
20210203,000426.SZ,7.66,8.05,7.66,7.73,-0.47,461423.07,361078.656
20210204,000426.SZ,7.6,7.68,7.1,7.25,-0.48,321527.35,236401.391
20210205,000426.SZ,7.12,7.33,7.1,7.14,-0.11,252837.74,181726.582
20210208,000426.SZ,6.8,7.05,6.72,7.01,-0.13,320955.98,221419.223
20210209,000426.SZ,7.02,7.35,7.01,7.18,0.17,251489.95,181818.609
20210210,000426.SZ,7.2,7.24,6.99,7.07,-0.11,204198.05,144909.327
20210218,000426.SZ,7.35,7.7,7.32,7.68,0.61,377770.7,282940.687
20210219,000426.SZ,7.6,7.83,7.34,7.69,0.01,397538.04,300830.116
20210222,000426.SZ,8.4,8.46,8.4,8.46,0.77,241623.93,204085.176
20210223,000426.SZ,8.5,8.9,8.26,8.7,0.24,1107893.56,956153.008
20210224,000426.SZ,8.32,8.68,8.18,8.39,-0.31,655339.14,551432.895
20210225,000426.SZ,8.56,8.68,8.02,8.14,-0.25,462273.42,381405.394
20210226,000426.SZ,7.81,7.92,7.58,7.6,-0.54,375979.33,290397.495
20210301,000426.SZ,7.59,7.7,7.41,7.64,0.04,344245.53,259649.603
20210302,000426.SZ,7.53,7.55,7.3,7.38,-0.26,285826.94,211865.885
20210303,000426.SZ,7.39,7.62,7.39,7.55,0.17,224687.72,168835.194
20210304,000426.SZ,7.42,7.46,7.32,7.34,-0.21,264311.87,195349.575
20210305,000426.SZ,7.21,7.36,7.15,7.29,-0.05,178735.07,129825.941
20210308,000426.SZ,7.37,7.45,7.26,7.26,-0.03,192266.42,141352.689
20210309,000426.SZ,7.23,7.3,7.01,7.12,-0.14,206580.53,147922.628
20210310,000426.SZ,7.28,7.29,7.03,7.06,-0.06,169620.55,120327.174
20210311,000426.SZ,7.06,7.36,7.04,7.31,0.25,179427.56,129789.223
20210312,000426.SZ,7.29,7.31,7.15,7.2,-0.11,126169.88,90959.553
20210315,000426.SZ,7.22,7.48,7.21,7.37,0.17,186984.51,137263.281
20210316,000426.SZ,7.39,7.4,7.24,7.35,-0.02,114897.26,84113.2
20210317,000426.SZ,7.3,7.37,7.2,7.36,0.01,103768.78,75880.819
20210318,000426.SZ,7.45,7.47,7.31,7.37,0.01,126315.32,93221.246
20210319,000426.SZ,7.25,7.33,7.18,7.23,-0.14,105263.19,76388.615
20210322,000426.SZ,7.3,7.37,7.19,7.23,0.0,106159.84,77059.492
20210323,000426.SZ,7.25,7.26,7.06,7.1,-0.13,135048.13,96171.48
20210324,000426.SZ,7.1,7.1,6.87,6.95,-0.15,171899.95,119446.909
20210325,000426.SZ,6.94,7.07,6.92,7.03,0.08,79584.07,55878.587
20210326,000426.SZ,7.03,7.07,6.96,7.03,0.0,74373.02,52134.022
20210329,000426.SZ,7.02,7.04,6.88,6.91,-0.12,110355.48,76565.285
20210330,000426.SZ,6.9,6.93,6.8,6.89,-0.02,94664.62,64759.134
20210331,000426.SZ,6.81,6.86,6.57,6.6,-0.29,218828.49,146228.233
20210401,000426.SZ,6.65,6.77,6.6,6.69,0.09,119404.99,79715.146
20210402,000426.SZ,6.77,6.79,6.68,6.69,0.0,123203.31,82927.798
20210406,000426.SZ,6.7,6.73,6.63,6.67,-0.02,102713.03,68684.282
20210407,000426.SZ,6.7,6.7,6.63,6.67,0.0,95082.68,63314.029
20210408,000426.SZ,6.67,6.72,6.61,6.65,-0.02,150391.44,100234.091
20210409,000426.SZ,6.69,6.72,6.61,6.61,-0.04,113023.93,75219.14
20210412,000426.SZ,6.6,6.6,6.27,6.3,-0.31,189568.85,120463.719
20210413,000426.SZ,6.23,6.3,6.07,6.11,-0.19,121505.11,74756.874
20210414,000426.SZ,6.19,6.22,6.11,6.18,0.07,73016.14,44985.09
20210415,000426.SZ,6.3,6.48,6.28,6.47,0.29,145380.75,92720.183
20210416,000426.SZ,6.44,6.72,6.42,6.69,0.22,168272.86,111503.561
20210419,000426.SZ,6.7,6.77,6.66,6.74,0.05,132377.53,88960.835
20210420,000426.SZ,6.71,6.82,6.63,6.76,0.02,123430.25,83135.923
20210421,000426.SZ,6.73,6.82,6.67,6.74,-0.02,87529.49,58993.302
20210422,000426.SZ,6.82,6.97,6.82,6.84,0.1,124870.23,86062.92
20210423,000426.SZ,6.77,6.81,6.68,6.76,-0.08,91089.64,61468.168
20210426,000426.SZ,6.76,6.81,6.67,6.67,-0.09,102975.24,69390.198
20210427,000426.SZ,6.62,6.75,6.6,6.72,0.05,97509.3,65183.626
20210428,000426.SZ,6.66,6.73,6.56,6.69,-0.03,68403.89,45539.05
20210429,000426.SZ,6.75,6.95,6.67,6.9,0.21,146555.62,100458.488
20210430,000426.SZ,6.8,6.87,6.67,6.85,-0.05,113783.3,76923.482
20210506,000426.SZ,7.14,7.32,7.1,7.16,0.31,252479.32,181780.543
20210507,000426.SZ,7.35,7.55,7.35,7.35,0.19,382486.08,284107.27
20210510,000426.SZ,7.5,7.93,7.36,7.88,0.53,585179.14,449237.563
20210511,000426.SZ,7.63,7.88,7.4,7.75,-0.13,339926.78,258328.403
20210512,000426.SZ,7.65,7.93,7.61,7.77,0.02,258627.22,201251.78
20210513,000426.SZ,7.51,7.66,7.47,7.57,-0.2,239917.3,181134.73
20210514,000426.SZ,7.59,7.63,7.36,7.46,-0.11,138462.3,103039.002
20210517,000426.SZ,7.46,7.69,7.39,7.55,0.09,195256.27,147201.654
20210518,000426.SZ,7.81,8.05,7.75,7.76,0.21,354593.57,279754.842
20210519,000426.SZ,7.6,7.71,7.54,7.58,-0.18,189756.04,144552.681
20210520,000426.SZ,7.34,7.44,7.17,7.32,-0.26,254535.76,185668.479
20210521,000426.SZ,7.32,7.83,7.31,7.71,0.39,323396.92,247264.404
20210524,000426.SZ,7.99,8.31,7.89,7.93,0.22,500152.82,405087.646
20210525,000426.SZ,7.93,8.01,7.62,7.66,-0.27,287051.0,221748.275
20210526,000426.SZ,7.85,8.18,7.76,7.95,0.29,407710.16,325235.519
20210527,000426.SZ,7.79,8.25,7.74,8.04,0.09,369368.6,296870.52
20210528,000426.SZ,8.24,8.38,8.12,8.2,0.16,370039.27,304947.114
20210531,000426.SZ,8.34,8.72,8.34,8.61,0.41,469862.27,401731.369
20210601,000426.SZ,8.58,9.34,8.46,9.11,0.5,584305.12,524265.504
20210602,000426.SZ,9.0,9.11,8.56,8.6,-0.51,512009.94,449676.408
20210603,000426.SZ,8.75,9.06,8.64,8.83,0.23,343321.92,305221.543
20210604,000426.SZ,8.54,8.8,8.42,8.75,-0.08,252586.67,218934.401
20210607,000426.SZ,8.9,9.0,8.67,8.82,0.07,198685.36,174615.477
20210608,000426.SZ,8.79,8.88,8.59,8.68,-0.14,184949.32,161164.863
20210609,000426.SZ,8.66,8.87,8.51,8.69,0.01,215673.38,187477.223
20210610,000426.SZ,8.62,8.74,8.54,8.59,-0.1,219131.1,189093.832
20210611,000426.SZ,8.7,8.72,8.46,8.55,-0.04,304174.03,260881.883
20210615,000426.SZ,8.42,8.45,8.18,8.27,-0.28,293466.77,243886.785
20210616,000426.SZ,8.3,8.38,7.92,8.05,-0.22,244924.58,198103.26
20210617,000426.SZ,8.05,8.1,7.89,7.9,-0.15,205591.88,164103.585
20210618,000426.SZ,7.75,7.93,7.59,7.85,-0.05,232262.39,181025.903
20210621,000426.SZ,7.69,7.73,7.47,7.7,-0.15,274079.0,208765.053
20210622,000426.SZ,7.71,7.79,7.63,7.68,-0.02,181598.71,139780.987
20210623,000426.SZ,7.69,7.73,7.56,7.65,-0.03,157495.6,120317.554
20210624,000426.SZ,7.68,7.69,7.45,7.5,-0.15,167478.57,126578.091
20210625,000426.SZ,7.52,7.89,7.51,7.79,0.29,301698.54,232159.386
20210628,000426.SZ,7.69,7.7,7.51,7.52,-0.27,323016.7,244516.408
20210629,000426.SZ,7.54,7.58,7.29,7.3,-0.22,255261.64,188721.429
20210630,000426.SZ,7.33,7.73,7.32,7.53,0.23,241244.55,182143.291
20210701,000426.SZ,7.59,7.64,7.45,7.47,-0.06,135573.0,102092.398
20210702,000426.SZ,7.45,7.64,7.42,7.55,0.08,135475.75,102414.66
20210705,000426.SZ,7.6,7.76,7.53,7.67,0.12,269730.02,206807.834
20210706,000426.SZ,7.69,7.84,7.65,7.81,0.14,233575.42,181256.072
20210707,000426.SZ,7.7,7.93,7.62,7.93,0.12,228227.5,178109.381
20210708,000426.SZ,7.96,7.98,7.76,7.79,-0.14,220494.73,172867.838
20210709,000426.SZ,7.74,8.41,7.71,8.15,0.36,427550.52,345473.262
20210712,000426.SZ,8.17,8.31,8.04,8.11,-0.04,278278.72,227101.112
20210713,000426.SZ,8.05,8.08,7.88,8.07,-0.04,182131.56,145192.144
20210714,000426.SZ,8.02,8.02,7.78,7.83,-0.24,179001.66,140797.588
20210715,000426.SZ,7.96,8.1,7.73,8.07,0.24,252309.35,200750.316
20210716,000426.SZ,8.02,8.5,7.95,8.4,0.33,374679.05,311603.719
20210719,000426.SZ,8.39,8.98,8.39,8.9,0.5,535313.3,471095.097
20210720,000426.SZ,8.74,8.88,8.57,8.65,-0.25,398707.68,346734.516
20210721,000426.SZ,8.62,8.75,8.54,8.66,0.01,332745.09,288093.762
20210722,000426.SZ,8.6,9.1,8.6,9.01,0.35,464865.76,415322.572
20210723,000426.SZ,8.91,9.85,8.91,9.36,0.35,688731.4,648900.891
20210726,000426.SZ,9.48,9.61,8.86,8.96,-0.4,647088.02,591791.162
20210727,000426.SZ,9.02,9.27,8.45,8.46,-0.5,558045.97,496785.059
20210728,000426.SZ,8.31,8.44,8.05,8.15,-0.31,365707.07,300745.45
20210729,000426.SZ,8.34,8.97,8.34,8.97,0.82,448698.89,391787.075
20210730,000426.SZ,9.05,9.4,8.86,9.29,0.32,606117.38,550885.316
20210802,000426.SZ,9.68,9.68,8.91,9.04,-0.25,510687.22,466149.11
20210803,000426.SZ,9.06,9.09,8.65,8.7,-0.34,340950.33,301010.817
20210804,000426.SZ,8.69,9.04,8.61,8.9,0.2,254979.51,226309.251
20210805,000426.SZ,8.8,9.33,8.63,9.12,0.22,408096.93,369457.593
20210806,000426.SZ,8.96,9.32,8.96,9.23,0.11,368148.31,338117.139
20210809,000426.SZ,9.0,9.35,8.76,9.28,0.05,340800.98,310952.515
20210810,000426.SZ,9.2,9.32,8.79,8.93,-0.35,475920.61,426900.708
20210811,000426.SZ,8.89,9.57,8.87,9.2,0.27,467016.97,429951.596
20210812,000426.SZ,9.42,10.0,9.41,9.76,0.56,854694.86,834345.512
20210813,000426.SZ,9.73,10.07,9.59,9.98,0.22,726782.33,714149.785
20210816,000426.SZ,10.1,10.32,9.22,9.29,-0.69,766436.59,736643.5
20210817,000426.SZ,9.3,9.49,9.2,9.41,0.12,437218.61,409493.946
20210818,000426.SZ,9.3,9.43,9.03,9.27,-0.14,379673.42,351158.683
20210819,000426.SZ,9.2,9.36,8.85,9.16,-0.11,397055.0,359479.332
20210820,000426.SZ,8.93,9.18,8.79,9.17,0.01,363116.8,325916.685
20210823,000426.SZ,9.35,10.05,9.35,9.72,0.55,858388.09,836210.771
20210824,000426.SZ,9.91,9.98,9.64,9.68,-0.04,537019.26,525026.598
20210825,000426.SZ,9.69,9.84,9.6,9.71,0.03,453117.55,440007.495
20210826,000426.SZ,9.64,10.0,9.54,9.88,0.17,708533.78,698700.14
20210827,000426.SZ,9.87,10.43,9.79,10.35,0.47,798890.31,810894.719
20210830,000426.SZ,10.52,11.12,10.27,10.92,0.57,949166.2,1011418.694
20210831,000426.SZ,11.05,11.65,10.74,11.41,0.49,1032458.1,1154929.304
20210901,000426.SZ,11.55,11.96,10.5,10.85,-0.56,1060287.22,1191494.32
20210902,000426.SZ,10.56,11.19,10.5,10.87,0.02,744975.03,807930.149
20210903,000426.SZ,10.58,10.86,10.03,10.34,-0.53,922196.54,962807.294
20210906,000426.SZ,10.46,10.61,9.96,10.1,-0.24,634256.4,643095.012
20210907,000426.SZ,10.12,10.3,9.91,10.19,0.09,872696.58,882546.606
20210908,000426.SZ,10.2,10.23,10.0,10.07,-0.12,817961.71,826614.426
20210909,000426.SZ,10.0,10.42,9.82,10.4,0.33,884156.71,899711.401
20210910,000426.SZ,10.33,10.88,10.22,10.45,0.05,896589.26,941727.273
20210913,000426.SZ,10.43,10.97,10.35,10.96,0.51,1088976.66,1163062.3
20210914,000426.SZ,10.63,10.68,10.03,10.04,-0.92,1018433.76,1052226.702
20210915,000426.SZ,9.86,10.2,9.64,10.06,0.02,730590.82,724856.719
20210916,000426.SZ,10.13,10.18,9.3,9.31,-0.75,947884.74,919158.783
20210917,000426.SZ,9.04,9.22,8.55,8.79,-0.52,839657.7,748672.969
20210922,000426.SZ,8.71,8.94,8.59,8.88,0.09,387062.19,340309.149
20210923,000426.SZ,8.99,9.1,8.71,8.74,-0.14,388082.25,344268.559
20210924,000426.SZ,8.85,8.97,8.4,8.42,-0.32,535715.53,464749.531
20210927,000426.SZ,8.42,8.47,7.79,7.92,-0.5,609718.69,490328.627
20210928,000426.SZ,7.97,8.0,7.8,7.84,-0.08,420802.62,331867.823
20210929,000426.SZ,7.77,7.85,7.61,7.62,-0.22,353825.81,273200.155
20210930,000426.SZ,7.62,7.92,7.62,7.81,0.19,299295.09,232529.025
20211008,000426.SZ,7.92,7.98,7.78,7.81,0.0,264341.21,207262.11
20211011,000426.SZ,7.82,7.93,7.77,7.91,0.1,233754.82,183941.458
20211012,000426.SZ,7.89,7.95,7.66,7.7,-0.21,226683.15,175942.387
20211013,000426.SZ,7.69,7.75,7.64,7.74,0.04,138628.45,106808.163
20211014,000426.SZ,7.76,8.09,7.76,8.01,0.27,423373.84,336212.183
20211015,000426.SZ,7.91,8.08,7.86,7.87,-0.14,273198.75,217128.152
20211018,000426.SZ,7.95,8.13,7.84,8.13,0.26,450220.21,359696.441
20211019,000426.SZ,8.04,8.24,8.0,8.23,0.1,363425.38,294401.349
20211020,000426.SZ,8.05,8.23,7.96,8.13,-0.1,370390.0,299787.135
20211021,000426.SZ,8.24,8.66,8.23,8.48,0.35,597995.2,506380.201
20211022,000426.SZ,8.35,8.4,8.11,8.16,-0.32,388295.45,319498.325
20211025,000426.SZ,8.15,8.23,8.0,8.18,0.02,185054.65,151021.953
20211026,000426.SZ,8.19,8.29,8.1,8.12,-0.06,212710.98,174313.864
20211027,000426.SZ,7.99,8.0,7.74,7.8,-0.32,319252.39,249983.649
20211028,000426.SZ,7.77,7.8,7.28,7.34,-0.46,359017.09,268419.781
20211029,000426.SZ,7.33,7.43,7.18,7.34,0.0,194102.45,141808.425
20211101,000426.SZ,7.31,7.48,7.31,7.45,0.11,138759.54,102905.568
20211102,000426.SZ,7.46,7.49,7.15,7.23,-0.22,242278.71,176920.09
20211103,000426.SZ,7.2,7.33,7.17,7.32,0.09,110035.88,79675.593
20211104,000426.SZ,7.38,7.49,7.3,7.31,-0.01,138211.07,101847.032
20211105,000426.SZ,7.31,7.32,7.13,7.15,-0.16,173638.91,125272.775
20211108,000426.SZ,7.17,7.33,7.15,7.33,0.18,169658.06,123427.839
20211109,000426.SZ,7.34,7.36,7.22,7.35,0.02,146823.99,107118.222
20211110,000426.SZ,7.34,7.4,7.26,7.33,-0.02,130161.89,95271.328
20211111,000426.SZ,7.38,7.45,7.36,7.44,0.11,159037.59,117861.665
20211112,000426.SZ,7.47,7.54,7.42,7.44,0.0,172366.35,128836.691
20211115,000426.SZ,7.45,7.5,7.33,7.36,-0.08,146014.39,107721.009
20211116,000426.SZ,7.37,7.37,7.19,7.2,-0.16,174579.81,126930.402
20211117,000426.SZ,7.2,7.31,7.19,7.28,0.08,109952.03,79745.349
20211118,000426.SZ,7.3,7.56,7.28,7.55,0.27,243478.62,180371.576
20211119,000426.SZ,7.61,7.89,7.61,7.82,0.27,398672.22,310417.768
20211122,000426.SZ,7.72,7.87,7.69,7.8,-0.02,265519.04,206096.1
20211123,000426.SZ,7.8,7.88,7.73,7.74,-0.06,221793.91,173085.794
20211124,000426.SZ,7.69,7.79,7.62,7.77,0.03,185717.77,143034.083
20211125,000426.SZ,7.8,7.92,7.79,7.81,0.04,229390.15,179787.221
20211126,000426.SZ,7.71,7.76,7.57,7.62,-0.19,210911.39,161505.346
20211129,000426.SZ,7.51,7.53,7.42,7.51,-0.11,188435.79,140644.092
20211130,000426.SZ,7.55,7.85,7.53,7.61,0.1,223803.77,171798.744
20211201,000426.SZ,7.58,7.69,7.49,7.67,0.06,136368.45,103617.516
20211202,000426.SZ,7.63,7.67,7.54,7.56,-0.11,138675.82,105271.118
20211203,000426.SZ,7.58,7.65,7.45,7.62,0.06,145430.81,110071.828
20211206,000426.SZ,7.61,7.73,7.55,7.55,-0.07,206744.48,157847.633
20211207,000426.SZ,7.6,7.63,7.32,7.39,-0.16,221956.68,164873.59
20211208,000426.SZ,7.42,7.5,7.39,7.5,0.11,125110.92,93320.009
20211209,000426.SZ,7.45,7.53,7.45,7.51,0.01,141115.43,105772.562
20211210,000426.SZ,7.47,7.6,7.42,7.5,-0.01,156499.61,117723.074
20211213,000426.SZ,7.5,7.78,7.44,7.7,0.2,301425.99,229744.502
20211214,000426.SZ,7.65,7.72,7.58,7.62,-0.08,218626.04,167048.461
20211215,000426.SZ,7.59,7.64,7.51,7.54,-0.08,155428.03,117563.748
20211216,000426.SZ,7.54,7.63,7.49,7.62,0.08,149240.2,112961.041
20211217,000426.SZ,7.66,7.74,7.61,7.65,0.03,194954.9,149315.455
20211220,000426.SZ,7.6,7.62,7.41,7.42,-0.23,198361.01,148786.14
20211221,000426.SZ,7.43,7.47,7.4,7.44,0.02,119940.21,89136.487
20211222,000426.SZ,7.46,7.55,7.44,7.5,0.06,130117.68,97337.248
20211223,000426.SZ,7.54,7.56,7.46,7.5,0.0,125944.04,94573.413
20211224,000426.SZ,7.52,7.53,7.3,7.32,-0.18,198700.24,146625.215
20211227,000426.SZ,7.33,7.33,7.16,7.22,-0.1,151246.28,109080.379
20211228,000426.SZ,7.24,7.31,7.23,7.3,0.08,114153.01,82950.654
20211229,000426.SZ,7.28,7.34,7.22,7.25,-0.05,143492.71,104316.462
20211230,000426.SZ,7.28,7.31,7.23,7.23,-0.02,128030.26,92854.261
20211231,000426.SZ,7.25,7.27,7.2,7.24,0.01,110036.33,79629.917
20220104,000426.SZ,7.23,7.34,7.23,7.3,0.06,153528.66,111927.587
20220105,000426.SZ,7.3,7.34,7.14,7.18,-0.12,174811.27,126249.629
20220106,000426.SZ,7.16,7.25,7.14,7.23,0.05,95669.0,68982.622
20220107,000426.SZ,7.21,7.25,7.19,7.21,-0.02,112305.74,81059.462
20220110,000426.SZ,7.21,7.25,7.16,7.24,0.03,104311.4,75206.7
20220111,000426.SZ,7.22,7.37,7.21,7.31,0.07,179202.85,131045.189
20220112,000426.SZ,7.42,7.5,7.37,7.49,0.18,331284.73,246780.188
20220113,000426.SZ,7.49,7.87,7.47,7.66,0.17,656791.26,507382.212
20220114,000426.SZ,7.6,7.68,7.35,7.35,-0.31,345558.22,257591.83
20220117,000426.SZ,7.34,7.35,7.22,7.29,-0.06,201096.15,146211.373
20220118,000426.SZ,7.37,7.75,7.36,7.5,0.21,436339.18,330136.815
20220119,000426.SZ,7.54,7.62,7.44,7.55,0.05,213111.93,160391.524
20220120,000426.SZ,7.74,8.31,7.67,8.31,0.76,1057657.69,855758.372
20220121,000426.SZ,8.31,8.79,8.08,8.76,0.45,1318019.28,1113105.737
20220124,000426.SZ,8.49,8.56,8.17,8.37,-0.39,686218.47,573988.023
20220125,000426.SZ,8.22,8.27,7.58,7.73,-0.64,855323.37,670168.143
20220126,000426.SZ,7.73,8.01,7.69,7.77,0.04,482808.21,376616.079
20220127,000426.SZ,7.72,8.12,7.59,7.8,0.03,525262.66,412415.885
20220128,000426.SZ,7.75,7.83,7.27,7.67,-0.13,465985.0,351368.638
20220207,000426.SZ,7.48,7.71,7.34,7.51,-0.16,500765.53,377402.456
20220208,000426.SZ,7.66,7.85,7.54,7.75,0.24,581212.12,447379.507
20220209,000426.SZ,7.68,7.95,7.65,7.88,0.13,542460.94,425480.864
20220210,000426.SZ,8.05,8.14,7.69,7.85,-0.03,628594.51,496863.286
20220211,000426.SZ,7.83,7.88,7.62,7.63,-0.22,479897.61,372427.005
20220214,000426.SZ,7.73,7.96,7.68,7.76,0.13,512792.51,399880.336
20220215,000426.SZ,7.77,8.08,7.64,7.9,0.14,617101.22,488105.831
20220216,000426.SZ,7.83,7.87,7.71,7.85,-0.05,411628.92,320655.275
20220217,000426.SZ,7.81,8.25,7.76,8.23,0.38,813732.24,656382.076
20220218,000426.SZ,8.16,8.25,8.09,8.16,-0.07,462111.91,376937.033
20220221,000426.SZ,8.17,8.25,8.08,8.19,0.03,375476.43,306664.018
20220222,000426.SZ,8.17,8.36,8.1,8.3,0.11,507221.4,416818.878
20220223,000426.SZ,8.3,8.45,8.14,8.27,-0.03,450841.52,373215.91
20220224,000426.SZ,8.26,8.5,8.01,8.15,-0.12,825206.47,685021.639
20220225,000426.SZ,8.04,8.41,8.02,8.25,0.1,561007.29,463040.979
20220228,000426.SZ,8.32,8.45,8.15,8.39,0.14,509923.72,424760.652
20220301,000426.SZ,8.36,8.42,8.2,8.32,-0.07,405191.04,336099.123
20220302,000426.SZ,8.39,8.57,8.33,8.42,0.1,493484.94,417238.197
20220303,000426.SZ,8.44,8.62,8.42,8.45,0.03,494532.85,420055.041
20220304,000426.SZ,8.45,8.46,8.2,8.23,-0.22,523629.61,435034.51
20220307,000426.SZ,8.47,8.6,8.36,8.45,0.22,753827.33,639641.309
20220308,000426.SZ,9.14,9.22,8.4,8.67,0.22,1657715.41,1459832.278
20220309,000426.SZ,8.2,8.71,8.07,8.38,-0.29,1187549.64,997591.667
20220310,000426.SZ,8.19,8.36,7.97,8.1,-0.28,903332.88,735989.54
20220311,000426.SZ,8.06,8.74,7.8,8.66,0.56,1297017.69,1081452.309
20220314,000426.SZ,8.61,8.67,8.16,8.16,-0.5,757191.53,633156.678
20220315,000426.SZ,8.22,8.22,7.43,7.48,-0.68,686887.0,533250.779
20220316,000426.SZ,7.53,7.83,7.23,7.83,0.35,558155.83,421988.167
20220317,000426.SZ,7.88,8.5,7.85,8.1,0.27,922192.63,757130.41
20220318,000426.SZ,8.12,8.21,8.03,8.14,0.04,375105.45,303813.06
20220321,000426.SZ,8.1,8.23,7.97,8.12,-0.02,364627.97,295629.607
20220322,000426.SZ,8.13,8.16,8.04,8.05,-0.07,280173.38,226603.531
20220323,000426.SZ,8.03,8.06,7.85,7.89,-0.16,313248.73,248779.296
20220324,000426.SZ,8.2,8.25,7.87,7.97,0.08,426450.31,341701.394
20220325,000426.SZ,7.98,8.23,7.83,7.86,-0.11,485141.29,389057.434
20220328,000426.SZ,7.76,7.81,7.47,7.64,-0.22,356799.26,271709.902
20220329,000426.SZ,7.64,7.84,7.54,7.69,0.05,292349.35,224480.984
20220330,000426.SZ,7.66,7.74,7.6,7.7,0.01,183236.74,140758.762
20220331,000426.SZ,7.71,7.75,7.52,7.55,-0.15,248212.14,189701.295
20220401,000426.SZ,7.52,7.64,7.43,7.61,0.06,181632.55,137324.751
20220406,000426.SZ,7.61,7.68,7.53,7.68,0.07,147916.08,112410.409
20220407,000426.SZ,7.64,7.67,7.44,7.48,-0.2,188040.69,141632.578
20220408,000426.SZ,7.49,7.66,7.35,7.56,0.08,229062.0,172059.524
20220411,000426.SZ,7.54,7.87,7.46,7.53,-0.03,310298.32,236998.614
20220412,000426.SZ,7.49,7.73,7.44,7.72,0.19,254885.67,193627.867
20220413,000426.SZ,7.7,8.03,7.68,7.83,0.11,412184.65,324163.014
20220414,000426.SZ,7.86,8.16,7.76,8.13,0.3,441119.54,353898.12
20220415,000426.SZ,8.0,8.17,7.8,7.85,-0.28,393583.49,314596.696
20220418,000426.SZ,7.81,7.85,7.6,7.67,-0.18,322191.62,247714.353
20220419,000426.SZ,7.71,7.84,7.67,7.73,0.06,230433.82,178751.19
20220420,000426.SZ,7.67,7.72,7.35,7.37,-0.36,343414.42,258216.284
20220421,000426.SZ,7.36,7.36,6.91,6.94,-0.43,429186.14,303187.262
20220422,000426.SZ,6.93,7.04,6.8,6.99,0.05,161904.7,111736.321
20220425,000426.SZ,6.86,6.86,6.44,6.47,-0.52,268776.68,178301.964
20220426,000426.SZ,6.47,6.55,5.99,6.07,-0.4,317460.59,198125.487
20220427,000426.SZ,5.91,6.52,5.91,6.48,0.41,286587.01,177395.209
20220428,000426.SZ,6.45,6.63,6.38,6.52,0.04,198759.8,129204.331
20220429,000426.SZ,6.6,6.72,6.51,6.7,0.18,170489.68,112802.367
20220505,000426.SZ,6.5,6.59,6.36,6.46,-0.24,224937.07,145394.715
20220506,000426.SZ,6.28,6.28,6.1,6.17,-0.29,210999.47,130293.714
20220509,000426.SZ,6.1,6.42,6.09,6.38,0.21,196745.37,124719.952
20220510,000426.SZ,6.3,6.39,6.16,6.38,0.0,155933.51,98431.274
20220511,000426.SZ,6.34,6.47,6.25,6.26,-0.12,200317.69,127825.499
20220512,000426.SZ,6.26,6.31,6.09,6.18,-0.08,172162.83,106563.786
20220513,000426.SZ,6.26,6.26,6.09,6.17,-0.01,120180.12,73963.186
20220516,000426.SZ,6.18,6.23,6.0,6.06,-0.11,200265.0,121965.198
20220517,000426.SZ,6.05,6.09,5.96,6.06,0.0,176401.1,106416.882
20220518,000426.SZ,6.06,6.13,6.03,6.07,0.01,143867.97,87379.436
20220519,000426.SZ,5.93,6.08,5.89,6.05,-0.02,172298.29,103391.743
20220520,000426.SZ,6.25,6.34,6.08,6.25,0.2,399569.69,247496.081
20220523,000426.SZ,6.29,6.55,6.28,6.43,0.18,459543.23,294352.384
20220524,000426.SZ,6.43,6.43,6.08,6.09,-0.34,288189.0,180265.318
20220525,000426.SZ,6.14,6.22,6.08,6.2,0.11,153768.15,94748.188
20220526,000426.SZ,6.15,6.25,6.06,6.21,0.01,184651.28,113688.829
20220527,000426.SZ,6.23,6.26,6.09,6.16,-0.05,186752.54,115262.971
20220530,000426.SZ,6.16,6.22,6.13,6.17,0.01,123844.57,76380.644
20220531,000426.SZ,6.13,6.46,6.11,6.3,0.13,312347.51,196158.595
20220601,000426.SZ,6.26,6.29,6.16,6.27,-0.03,153348.88,95669.503
20220602,000426.SZ,6.2,6.34,6.19,6.29,0.02,184851.85,116141.082
20220606,000426.SZ,6.27,6.48,6.27,6.4,0.11,316175.18,202195.934
20220607,000426.SZ,6.4,6.43,6.3,6.36,-0.04,249446.88,158618.319
20220608,000426.SZ,6.35,6.45,6.23,6.44,0.08,327715.07,209107.665
20220609,000426.SZ,6.41,6.42,6.28,6.36,-0.08,219002.77,138999.652
20220610,000426.SZ,6.33,6.54,6.27,6.51,0.15,315507.55,203568.486
20220613,000426.SZ,6.46,6.72,6.43,6.59,0.08,353132.04,233185.41
20220614,000426.SZ,6.5,6.71,6.4,6.7,0.11,332154.95,217281.198
20220615,000426.SZ,6.62,6.76,6.62,6.63,-0.07,275178.71,184054.73
20220616,000426.SZ,6.69,6.74,6.57,6.59,-0.04,209956.14,139490.135
20220617,000426.SZ,6.51,6.82,6.49,6.76,0.17,318737.59,214337.276
20220620,000426.SZ,6.8,6.89,6.71,6.75,-0.01,235081.37,159272.111
20220621,000426.SZ,6.75,6.77,6.51,6.57,-0.18,254683.13,168515.603
20220622,000426.SZ,6.57,6.65,6.48,6.52,-0.05,160551.32,105393.171
20220623,000426.SZ,6.49,6.66,6.47,6.6,0.08,177099.37,116236.282
20220624,000426.SZ,6.59,6.66,6.52,6.64,0.04,198639.21,131107.688
20220627,000426.SZ,6.64,6.92,6.57,6.82,0.18,414773.36,281016.319
20220628,000426.SZ,6.84,7.13,6.83,7.08,0.26,452125.29,317362.409
20220629,000426.SZ,7.1,7.14,6.94,6.94,-0.14,287691.8,202017.074
20220630,000426.SZ,6.94,7.21,6.94,7.09,0.15,293790.0,209099.685
20220701,000426.SZ,7.07,7.19,6.99,7.18,0.09,263613.31,187888.617
20220704,000426.SZ,7.2,7.9,7.13,7.88,0.7,995477.36,768487.913
20220705,000426.SZ,7.76,7.83,7.51,7.58,-0.3,705309.27,539902.767
20220706,000426.SZ,7.51,7.57,7.21,7.3,-0.28,336962.8,248145.542
20220707,000426.SZ,7.32,7.47,7.28,7.36,0.06,221544.11,163531.426
20220708,000426.SZ,7.42,7.46,7.2,7.22,-0.14,192143.0,140618.171
20220711,000426.SZ,7.22,7.25,6.98,7.04,-0.18,231535.83,163470.669
20220712,000426.SZ,7.05,7.23,7.03,7.06,0.02,164494.49,116952.644
20220713,000426.SZ,7.01,7.13,6.96,7.04,-0.02,116887.14,82187.199
20220714,000426.SZ,7.01,7.04,6.78,6.85,-0.19,262252.19,180661.65
20220715,000426.SZ,6.75,6.79,6.63,6.65,-0.2,190762.46,127470.755
20220718,000426.SZ,6.67,6.79,6.66,6.78,0.13,125527.25,84612.465
20220719,000426.SZ,6.76,6.92,6.75,6.86,0.08,124748.88,85247.197
20220720,000426.SZ,6.8,6.93,6.8,6.85,-0.01,111317.51,76328.558
20220721,000426.SZ,6.81,7.14,6.75,7.01,0.16,239277.24,166682.128
20220722,000426.SZ,6.98,7.2,6.98,7.09,0.08,162824.4,115495.322
20220725,000426.SZ,7.09,7.36,7.07,7.28,0.19,251672.49,182392.882
20220726,000426.SZ,7.29,7.38,7.2,7.36,0.08,208189.08,152251.148
20220727,000426.SZ,7.33,7.65,7.28,7.58,0.22,319410.08,240247.197
20220728,000426.SZ,7.56,7.64,7.5,7.56,-0.02,209676.99,158579.309
20220729,000426.SZ,7.65,7.67,7.55,7.58,0.02,173150.53,131569.039
20220801,000426.SZ,7.6,7.63,7.33,7.52,-0.06,367012.5,274158.765
20220802,000426.SZ,7.46,7.48,7.0,7.16,-0.36,377624.42,272003.084
20220803,000426.SZ,7.19,7.39,7.07,7.1,-0.06,246998.48,179149.661
20220804,000426.SZ,7.19,7.21,6.94,7.06,-0.04,185940.46,131152.183
20220805,000426.SZ,7.11,7.5,7.09,7.45,0.39,303486.91,222678.632
20220808,000426.SZ,7.44,7.45,7.27,7.27,-0.18,201740.09,147555.041
20220809,000426.SZ,7.32,7.46,7.23,7.35,0.08,220340.62,161746.527
20220810,000426.SZ,7.34,7.45,7.33,7.35,0.0,148805.91,109868.598
20220811,000426.SZ,7.35,7.38,7.26,7.36,0.01,128607.25,94131.855
20220812,000426.SZ,7.35,7.45,7.31,7.37,0.01,127354.39,94133.167
20220815,000426.SZ,7.4,7.47,7.33,7.36,-0.01,142988.62,105643.881
20220816,000426.SZ,7.57,7.75,7.14,7.26,-0.1,462227.34,339335.298
20220817,000426.SZ,7.23,7.29,7.07,7.11,-0.15,285078.92,203184.433
20220818,000426.SZ,7.11,7.11,7.01,7.04,-0.07,141570.0,99676.237
20220819,000426.SZ,7.03,7.11,6.95,6.98,-0.06,156830.1,109686.629
20220822,000426.SZ,6.94,7.04,6.79,7.04,0.06,148296.09,102806.33
20220823,000426.SZ,7.0,7.04,6.94,6.97,-0.07,110203.86,76856.78
20220824,000426.SZ,6.95,7.01,6.75,6.78,-0.19,159310.29,109440.747
20220825,000426.SZ,6.82,6.88,6.7,6.81,0.03,117455.81,79443.654
20220826,000426.SZ,6.7,6.82,6.67,6.72,-0.09,138221.06,93312.748
20220829,000426.SZ,6.63,6.69,6.57,6.66,-0.06,143734.35,95308.776
20220830,000426.SZ,6.66,6.84,6.65,6.74,0.08,139222.77,93902.932
20220831,000426.SZ,6.73,6.75,6.56,6.58,-0.16,141540.61,93552.043
20220901,000426.SZ,6.58,6.61,6.41,6.43,-0.15,128252.77,83378.454
20220902,000426.SZ,6.42,6.46,6.35,6.39,-0.04,93590.36,59836.226
20220905,000426.SZ,6.4,6.45,6.35,6.43,0.04,85797.0,54957.444
20220906,000426.SZ,6.47,6.63,6.45,6.61,0.18,154352.09,101534.314
20220907,000426.SZ,6.56,6.73,6.52,6.69,0.08,110686.59,73671.654
20220908,000426.SZ,6.72,6.78,6.64,6.77,0.08,121928.22,81824.247
20220909,000426.SZ,6.77,6.83,6.7,6.74,-0.03,140354.44,94752.425
20220913,000426.SZ,6.84,6.94,6.8,6.83,0.09,152000.09,104272.74
20220914,000426.SZ,6.72,6.81,6.66,6.72,-0.11,117191.72,78920.982
20220915,000426.SZ,6.75,6.77,6.42,6.49,-0.23,193191.62,126612.638
20220916,000426.SZ,6.47,6.47,6.18,6.18,-0.31,180075.02,113409.751
20220919,000426.SZ,6.19,6.27,6.04,6.09,-0.09,107578.0,66070.777
20220920,000426.SZ,6.12,6.3,6.12,6.2,0.11,105884.0,65616.308
20220921,000426.SZ,6.14,6.48,6.09,6.45,0.25,173223.0,110120.178
20220922,000426.SZ,6.42,6.58,6.37,6.53,0.08,140758.22,91344.945
20220923,000426.SZ,6.59,6.59,6.35,6.41,-0.12,127665.09,82369.681
20220926,000426.SZ,6.33,6.33,6.06,6.09,-0.32,136865.0,84376.518
20220927,000426.SZ,6.12,6.15,5.89,6.1,0.01,142290.15,85427.069
20220928,000426.SZ,6.06,6.08,5.82,5.82,-0.28,155763.62,92131.407
20220929,000426.SZ,5.98,5.98,5.61,5.74,-0.08,160956.07,92943.505
20220930,000426.SZ,5.71,5.84,5.68,5.77,0.03,105259.14,60778.778
20221010,000426.SZ,5.81,5.84,5.58,5.59,-0.18,113078.24,64432.161
20221011,000426.SZ,5.56,5.67,5.53,5.56,-0.03,86469.38,48353.069
20221012,000426.SZ,5.56,5.69,5.42,5.68,0.12,119484.73,66476.208
20221013,000426.SZ,5.65,5.71,5.56,5.65,-0.03,105084.4,59374.71
20221014,000426.SZ,5.7,5.79,5.66,5.75,0.1,119508.61,68607.076
20221017,000426.SZ,5.72,5.78,5.69,5.78,0.03,79989.58,45988.868
20221018,000426.SZ,5.85,5.85,5.74,5.77,-0.01,83846.54,48472.145
20221019,000426.SZ,5.77,5.79,5.67,5.67,-0.1,72437.7,41457.749
20221020,000426.SZ,5.67,5.73,5.56,5.66,-0.01,108896.4,61506.508
20221021,000426.SZ,5.7,5.73,5.57,5.6,-0.06,78371.12,44256.602
20221024,000426.SZ,5.66,5.8,5.55,5.57,-0.03,151221.84,85895.336
20221025,000426.SZ,5.56,5.64,5.42,5.6,0.03,109313.6,60406.395
20221026,000426.SZ,5.58,5.81,5.58,5.8,0.2,158699.03,90874.107
20221027,000426.SZ,5.8,5.97,5.77,5.82,0.02,135879.35,80021.756
20221028,000426.SZ,5.81,5.85,5.6,5.62,-0.2,152865.22,87740.796
20221031,000426.SZ,5.57,5.76,5.57,5.74,0.12,120471.26,68729.27
20221101,000426.SZ,5.74,5.93,5.73,5.92,0.18,134156.69,78499.102
20221102,000426.SZ,5.89,6.01,5.86,5.93,0.01,144764.75,86145.178
20221103,000426.SZ,5.89,5.98,5.8,5.95,0.02,141810.09,83409.127
20221104,000426.SZ,5.95,6.12,5.9,6.06,0.11,156095.84,94279.939
20221107,000426.SZ,6.16,6.25,6.14,6.19,0.13,154285.02,95551.851
20221108,000426.SZ,6.19,6.3,6.13,6.18,-0.01,198567.52,123271.71
20221109,000426.SZ,6.36,6.4,6.22,6.22,0.04,244301.11,153623.48
20221110,000426.SZ,6.13,6.23,6.12,6.18,-0.04,125341.13,77349.422
20221111,000426.SZ,6.32,6.44,6.32,6.35,0.17,246964.41,157407.813
20221114,000426.SZ,6.3,6.4,6.18,6.2,-0.15,185788.18,116263.746
20221115,000426.SZ,6.2,6.31,6.2,6.27,0.07,108270.71,67901.008
20221116,000426.SZ,6.31,6.34,6.2,6.26,-0.01,121056.62,75752.013
20221117,000426.SZ,6.2,6.26,6.1,6.18,-0.08,173483.06,106838.716
20221118,000426.SZ,6.19,6.21,6.04,6.08,-0.1,107946.22,65986.778
20221121,000426.SZ,6.09,6.16,5.93,6.15,0.07,104800.36,63534.96
20221122,000426.SZ,6.22,6.25,6.03,6.06,-0.09,103558.0,63348.184
20221123,000426.SZ,6.09,6.11,6.02,6.06,0.0,81139.0,49170.458
20221124,000426.SZ,6.11,6.24,6.1,6.13,0.07,123426.22,76021.786
20221125,000426.SZ,6.1,6.24,6.06,6.13,0.0,115444.0,70969.684
20221128,000426.SZ,6.06,6.12,5.98,6.07,-0.06,116397.99,70414.048
20221129,000426.SZ,6.08,6.16,6.02,6.16,0.09,95352.99,58233.086
20221130,000426.SZ,6.17,6.23,6.13,6.16,0.0,81399.14,50361.77
20221201,000426.SZ,6.35,6.38,6.21,6.23,0.07,124279.0,77918.862
20221202,000426.SZ,6.25,6.33,6.17,6.23,0.0,125731.94,78522.923
20221205,000426.SZ,6.3,6.49,6.27,6.41,0.18,285973.23,183026.744
20221206,000426.SZ,6.34,6.41,6.31,6.35,-0.06,141705.23,90084.219
20221207,000426.SZ,6.3,6.41,6.3,6.3,-0.05,104752.25,66472.289
20221208,000426.SZ,6.31,6.37,6.26,6.29,-0.01,85249.76,53888.509
20221209,000426.SZ,6.33,6.43,6.28,6.42,0.13,154130.09,98261.894
20221212,000426.SZ,6.43,6.43,6.21,6.23,-0.19,159916.69,100429.445
20221213,000426.SZ,6.26,6.33,6.2,6.29,0.06,76655.0,48105.863
20221214,000426.SZ,6.39,6.52,6.35,6.41,0.12,167009.11,107548.286
20221215,000426.SZ,6.39,6.42,6.25,6.26,-0.15,113979.0,71786.534
20221216,000426.SZ,6.22,6.28,6.17,6.21,-0.05,87530.3,54341.008
20221219,000426.SZ,6.21,6.24,6.01,6.09,-0.12,115216.75,70293.231
20221220,000426.SZ,6.06,6.12,6.02,6.03,-0.06,67530.0,40922.089
20221221,000426.SZ,6.15,6.18,6.02,6.05,0.02,111894.0,68085.738
20221222,000426.SZ,6.05,6.13,5.89,5.92,-0.13,122540.09,73425.93
20221223,000426.SZ,5.87,5.95,5.86,5.89,-0.03,100430.6,59221.183
20221226,000426.SZ,5.89,6.08,5.89,6.06,0.17,102182.75,61410.657
20221227,000426.SZ,6.09,6.09,6.02,6.07,0.01,66904.0,40485.702
20221228,000426.SZ,6.04,6.37,6.03,6.31,0.24,251498.02,157285.829
20221229,000426.SZ,6.32,6.35,6.14,6.17,-0.14,131566.0,81905.145
20221230,000426.SZ,6.18,6.21,6.07,6.09,-0.08,104593.0,63975.076
20230103,000426.SZ,6.09,6.22,6.05,6.2,0.11,131647.84,80837.858
20230104,000426.SZ,6.2,6.22,6.12,6.15,-0.05,114785.84,70793.666
20230105,000426.SZ,6.15,6.19,6.12,6.14,-0.01,112396.71,69176.018
20230106,000426.SZ,6.14,6.19,6.12,6.17,0.03,85242.0,52529.57
20230109,000426.SZ,6.24,6.37,6.21,6.31,0.14,228227.32,143931.651
20230110,000426.SZ,6.33,6.35,6.22,6.25,-0.06,133204.54,83380.323
20230111,000426.SZ,6.26,6.32,6.24,6.28,0.03,109223.81,68581.233
20230112,000426.SZ,6.29,6.32,6.25,6.25,-0.03,119401.0,74989.771
20230113,000426.SZ,6.3,6.36,6.21,6.28,0.03,99624.53,62661.743
20230116,000426.SZ,6.3,6.38,6.3,6.32,0.04,140821.82,89403.832
20230117,000426.SZ,6.32,6.35,6.24,6.26,-0.06,92594.0,58110.73
20230118,000426.SZ,6.29,6.36,6.27,6.31,0.05,102587.22,64884.692
20230119,000426.SZ,6.3,6.4,6.27,6.4,0.09,161365.54,102495.951
20230120,000426.SZ,6.41,6.55,6.4,6.52,0.12,199602.57,129695.464
20230130,000426.SZ,6.62,6.67,6.53,6.57,0.05,196721.44,129873.052
20230131,000426.SZ,6.54,6.67,6.51,6.62,0.05,127725.47,84402.91
20230201,000426.SZ,6.63,6.93,6.62,6.81,0.19,273186.27,186223.329
20230202,000426.SZ,6.81,6.89,6.78,6.8,-0.01,196675.66,134183.249
20230203,000426.SZ,6.78,6.82,6.65,6.78,-0.02,176454.68,118643.639
20230206,000426.SZ,6.67,6.74,6.62,6.72,-0.06,189103.32,126374.429
20230207,000426.SZ,6.77,7.09,6.68,7.01,0.29,429495.82,297679.297
20230208,000426.SZ,7.07,7.12,6.89,7.0,-0.01,268616.61,187494.943
20230209,000426.SZ,7.01,7.15,6.96,7.09,0.09,251486.42,177811.153
20230210,000426.SZ,7.06,7.07,6.93,6.97,-0.12,205022.0,143469.178
20230213,000426.SZ,6.97,7.03,6.89,7.02,0.05,171269.27,119320.471
20230214,000426.SZ,7.03,7.18,6.98,7.13,0.11,202128.03,143925.292
20230215,000426.SZ,7.14,7.18,7.06,7.13,0.0,141453.71,100855.414
20230216,000426.SZ,7.1,7.15,6.87,6.93,-0.2,188315.27,132740.727
20230217,000426.SZ,6.93,7.03,6.88,6.88,-0.05,119545.44,82939.049
20230220,000426.SZ,6.88,7.12,6.88,7.1,0.22,199284.0,140105.374
20230221,000426.SZ,7.1,7.27,7.09,7.24,0.14,206966.0,149204.132
20230222,000426.SZ,7.2,7.26,7.16,7.2,-0.04,140548.0,101500.13
20230223,000426.SZ,7.22,7.45,7.2,7.28,0.08,256550.62,187806.809
20230224,000426.SZ,7.23,7.48,7.21,7.33,0.05,191651.02,140964.241
20230227,000426.SZ,7.28,7.32,7.1,7.13,-0.2,197237.0,141619.125
20230228,000426.SZ,7.2,7.26,7.14,7.22,0.09,123493.62,88832.737
20230301,000426.SZ,7.22,7.22,7.12,7.19,-0.03,133624.0,95743.056
20230302,000426.SZ,7.2,7.8,7.0,7.61,0.42,788804.07,584188.712
20230303,000426.SZ,7.6,8.02,7.56,7.7,0.09,792980.81,618918.59
20230306,000426.SZ,7.71,7.75,7.49,7.61,-0.09,336323.45,255317.76
20230307,000426.SZ,7.61,7.97,7.6,7.69,0.08,406365.03,317186.459
20230308,000426.SZ,7.71,7.74,7.52,7.64,-0.05,219213.21,167131.213
20230309,000426.SZ,7.59,7.84,7.53,7.6,-0.04,182852.03,139610.731
20230310,000426.SZ,7.6,7.69,7.41,7.46,-0.14,224122.73,168344.878
20230313,000426.SZ,7.6,7.78,7.56,7.65,0.19,294133.96,225763.98
20230314,000426.SZ,8.22,8.42,8.1,8.19,0.54,956140.8,790482.012
20230315,000426.SZ,8.2,8.48,8.18,8.27,0.08,562941.38,467817.83
20230316,000426.SZ,8.26,8.26,7.89,7.97,-0.3,454102.71,364577.346
20230317,000426.SZ,7.95,8.07,7.9,7.96,-0.01,263459.46,209906.036
20230320,000426.SZ,8.06,8.19,7.93,8.03,0.07,314491.45,253068.69
20230321,000426.SZ,7.9,8.05,7.87,8.04,0.01,219179.65,174536.178
20230322,000426.SZ,8.06,8.12,7.92,8.08,0.04,182656.28,146448.905
20230323,000426.SZ,8.02,8.12,7.95,8.09,0.01,204078.54,164357.545
20230324,000426.SZ,8.09,8.21,8.07,8.17,0.08,241928.64,197130.961
20230327,000426.SZ,8.1,8.13,7.85,8.09,-0.08,280883.33,224360.037
20230328,000426.SZ,8.05,8.15,7.89,7.93,-0.16,216098.29,173331.788
20230329,000426.SZ,7.94,8.0,7.84,7.88,-0.05,154212.21,121952.638
20230330,000426.SZ,7.88,7.94,7.77,7.87,-0.01,171210.51,134403.454
20230331,000426.SZ,7.9,8.11,7.82,8.06,0.19,197080.3,158119.366
20230403,000426.SZ,7.8,8.07,7.8,8.02,-0.04,205978.99,164479.791
20230404,000426.SZ,7.94,8.03,7.85,7.93,-0.09,170538.49,135222.764
20230406,000426.SZ,8.17,8.22,8.04,8.15,0.22,299889.58,243530.717
20230407,000426.SZ,8.14,8.17,8.03,8.13,-0.02,155419.37,125828.205
20230410,000426.SZ,8.09,8.38,8.09,8.3,0.17,306948.0,254911.674
20230411,000426.SZ,8.28,9.1,8.22,9.0,0.7,639167.43,558653.991
20230412,000426.SZ,9.01,9.19,8.88,9.09,0.09,471661.22,425570.027
20230413,000426.SZ,9.08,9.44,9.05,9.28,0.19,454262.76,422321.15
20230414,000426.SZ,9.49,9.5,9.31,9.38,0.1,312130.2,293383.93
20230417,000426.SZ,9.25,9.6,9.19,9.57,0.19,351087.15,331311.961
20230418,000426.SZ,9.5,9.62,9.15,9.23,-0.34,408166.26,381790.803
20230419,000426.SZ,9.51,9.51,9.06,9.12,-0.11,304632.81,280237.503
20230420,000426.SZ,9.09,9.12,8.65,8.82,-0.3,439349.19,387059.699
20230421,000426.SZ,8.88,8.89,8.56,8.61,-0.21,226399.04,196866.031
20230424,000426.SZ,8.63,8.77,8.52,8.56,-0.05,283757.87,245034.344
20230425,000426.SZ,8.6,8.79,8.4,8.5,-0.06,227632.81,195818.934
20230426,000426.SZ,8.53,8.68,8.42,8.66,0.16,214109.23,183788.846
20230427,000426.SZ,8.61,8.84,8.53,8.74,0.08,210121.09,182532.255
20230428,000426.SZ,8.7,8.78,8.66,8.72,-0.02,156276.5,136105.609
20230504,000426.SZ,9.12,9.36,8.38,8.61,-0.11,594226.53,523407.484
20230505,000426.SZ,8.63,8.7,8.45,8.6,-0.01,251678.9,215839.377
20230508,000426.SZ,8.55,8.7,8.44,8.6,0.0,183867.82,157706.837
20230509,000426.SZ,8.56,8.61,8.19,8.21,-0.39,294613.43,246953.81
20230510,000426.SZ,8.19,8.33,8.16,8.23,0.02,186706.68,154144.311
20230511,000426.SZ,8.24,8.25,8.06,8.07,-0.16,148480.66,120501.233
20230512,000426.SZ,8.02,8.02,7.62,7.86,-0.21,303127.8,236577.731
20230515,000426.SZ,7.86,8.12,7.81,8.1,0.24,177945.7,141742.867
20230516,000426.SZ,8.13,8.31,7.96,8.09,-0.01,165276.72,133330.499
20230517,000426.SZ,8.09,8.36,8.04,8.35,0.26,166332.41,137304.139
20230518,000426.SZ,8.37,8.88,8.3,8.84,0.49,348525.26,303135.507
20230519,000426.SZ,8.93,8.97,8.63,8.69,-0.15,162247.0,141310.139
20230522,000426.SZ,8.67,8.87,8.66,8.74,0.05,119657.11,104729.692
20230523,000426.SZ,8.77,8.77,8.58,8.68,-0.06,125670.42,108776.784
20230524,000426.SZ,8.65,8.96,8.59,8.75,0.07,159712.74,140163.99
20230525,000426.SZ,8.72,8.77,8.36,8.43,-0.32,199556.4,169846.902
20230526,000426.SZ,8.43,8.8,8.32,8.66,0.23,193462.01,166119.783
20230529,000426.SZ,8.69,8.88,8.55,8.8,0.14,162058.66,142081.47
20230530,000426.SZ,8.82,8.94,8.71,8.94,0.14,184806.07,163752.535
20230531,000426.SZ,8.9,9.3,8.85,9.27,0.33,297333.01,272225.03
20230601,000426.SZ,9.21,9.36,9.2,9.26,-0.01,283936.13,263473.671
20230602,000426.SZ,9.32,9.57,9.28,9.5,0.24,339491.7,321509.854
20230605,000426.SZ,9.5,9.68,9.1,9.14,-0.36,310891.78,290034.907
20230606,000426.SZ,9.3,9.33,8.6,8.72,-0.42,397939.49,355456.742
20230607,000426.SZ,8.74,9.1,8.72,8.96,0.24,262922.7,234980.383
20230608,000426.SZ,8.97,9.19,8.95,9.12,0.16,187227.95,170551.673
20230609,000426.SZ,9.29,9.39,8.99,9.14,0.02,242476.02,222579.75
20230612,000426.SZ,9.4,9.56,9.27,9.48,0.34,323529.69,305526.117
20230613,000426.SZ,9.43,9.53,9.24,9.32,-0.16,255987.45,240157.479
20230614,000426.SZ,9.34,9.77,9.28,9.65,0.33,334031.04,318840.671
20230615,000426.SZ,9.65,9.68,9.35,9.37,-0.28,207050.78,196071.525
20230616,000426.SZ,9.41,9.59,9.3,9.37,0.0,154111.04,144997.042
20230619,000426.SZ,9.3,9.42,9.29,9.35,-0.02,128884.01,120456.263
20230620,000426.SZ,9.3,9.44,9.28,9.34,-0.01,167771.38,156826.703
20230621,000426.SZ,9.3,9.31,9.09,9.11,-0.23,192154.82,176687.283
20230626,000426.SZ,8.99,9.03,8.57,8.62,-0.49,313513.15,275572.059
20230627,000426.SZ,8.7,8.89,8.6,8.84,0.22,162319.31,142169.298
20230628,000426.SZ,8.81,8.99,8.67,8.87,0.03,153354.03,134937.641
20230629,000426.SZ,8.8,8.88,8.7,8.73,-0.14,104126.0,91397.01
20230630,000426.SZ,8.74,8.9,8.65,8.88,0.15,140047.24,123033.185
20230703,000426.SZ,8.94,9.1,8.8,8.9,0.02,206511.93,184823.26
20230704,000426.SZ,8.93,9.06,8.8,9.04,0.14,140223.89,125732.364
20230705,000426.SZ,9.06,9.92,9.01,9.63,0.59,506521.64,484982.166
20230706,000426.SZ,9.65,9.9,9.37,9.75,0.12,357739.19,346376.539
20230707,000426.SZ,9.82,9.82,9.59,9.77,0.02,192753.84,187349.322
20230710,000426.SZ,9.8,9.91,9.75,9.82,0.05,192231.8,188764.808
20230711,000426.SZ,9.81,9.87,9.61,9.82,0.0,160744.44,156808.497
20230712,000426.SZ,9.79,9.9,9.71,9.72,-0.1,130093.77,127523.386
20230713,000426.SZ,9.96,10.18,9.6,9.64,-0.08,233808.26,230153.377
20230714,000426.SZ,9.78,9.95,9.58,9.59,-0.05,132023.83,128092.463
20230717,000426.SZ,9.6,9.7,9.42,9.48,-0.11,115543.9,110097.954
20230718,000426.SZ,9.48,9.62,9.4,9.58,0.1,110789.08,105482.75
20230719,000426.SZ,9.55,9.67,9.4,9.55,-0.03,95970.78,91416.339
20230720,000426.SZ,9.52,9.6,9.41,9.42,-0.13,86144.14,81702.25
20230721,000426.SZ,9.37,9.7,9.37,9.52,0.1,142636.34,135709.622
20230724,000426.SZ,9.51,9.64,9.3,9.39,-0.13,134857.91,127726.053
20230725,000426.SZ,9.42,9.53,9.35,9.42,0.03,130145.77,122843.332
20230726,000426.SZ,9.48,9.78,9.43,9.56,0.14,195235.39,186786.311
20230727,000426.SZ,9.64,9.7,9.43,9.48,-0.08,201395.68,192738.195
20230728,000426.SZ,9.36,9.36,9.06,9.26,-0.22,214101.04,197323.405
20230731,000426.SZ,9.26,9.48,9.23,9.3,0.04,131656.78,123079.8
20230801,000426.SZ,9.3,9.38,9.09,9.22,-0.08,136040.49,125485.971
20230802,000426.SZ,9.28,9.29,9.06,9.17,-0.05,138635.09,126977.163
20230803,000426.SZ,9.15,9.17,8.9,8.97,-0.2,189470.31,170792.594
20230804,000426.SZ,9.01,9.19,8.7,8.73,-0.24,313170.46,277980.425
20230807,000426.SZ,8.8,8.86,8.62,8.82,0.09,233070.75,203755.339
20230808,000426.SZ,8.77,9.18,8.75,9.12,0.3,232362.75,209681.35
20230809,000426.SZ,9.06,9.11,8.9,9.03,-0.09,146950.86,132111.919
20230810,000426.SZ,8.99,9.26,8.98,9.15,0.12,140559.67,128644.279
20230811,000426.SZ,9.13,9.26,8.98,9.02,-0.13,132323.35,120277.248
20230814,000426.SZ,8.92,9.08,8.82,9.03,0.01,104869.43,93964.273
20230815,000426.SZ,8.99,9.06,8.8,8.86,-0.17,100212.34,89055.555
20230816,000426.SZ,8.81,8.86,8.73,8.75,-0.11,71058.27,62448.96
20230817,000426.SZ,8.77,9.11,8.61,9.06,0.31,136559.41,121638.84
20230818,000426.SZ,9.12,9.12,8.6,8.62,-0.44,168697.57,148068.593
20230821,000426.SZ,8.62,8.75,8.5,8.58,-0.04,120175.69,103552.723
20230822,000426.SZ,8.6,8.77,8.55,8.71,0.13,141881.7,123070.318
20230823,000426.SZ,8.68,8.84,8.51,8.73,0.02,125597.87,108747.005
20230824,000426.SZ,8.76,8.9,8.67,8.69,-0.04,118664.85,103963.665
20230825,000426.SZ,8.65,8.72,8.32,8.34,-0.35,173730.98,147335.03
20230828,000426.SZ,8.8,8.88,8.14,8.31,-0.03,301688.35,252907.51
20230829,000426.SZ,8.33,8.59,8.26,8.48,0.19,225028.91,190365.66
20230830,000426.SZ,8.5,9.27,8.49,9.25,0.77,434821.69,390780.263
20230831,000426.SZ,9.21,9.31,8.99,9.09,-0.16,220411.8,201418.456
20230901,000426.SZ,9.1,9.28,9.05,9.25,0.16,136078.02,125059.563
20230904,000426.SZ,9.31,9.42,9.2,9.3,0.05,188852.35,175861.858
20230905,000426.SZ,9.3,9.34,9.2,9.3,0.0,100472.0,93122.204
20230906,000426.SZ,9.27,9.36,9.25,9.29,-0.01,73956.58,68737.115
20230907,000426.SZ,9.25,9.32,9.07,9.11,-0.18,108638.33,99624.369
20230908,000426.SZ,9.08,9.17,9.03,9.09,-0.02,84043.69,76350.058
20230911,000426.SZ,9.1,9.26,9.03,9.24,0.15,112764.03,103442.645
20230912,000426.SZ,9.26,9.37,9.18,9.19,-0.05,143808.0,132933.246
20230913,000426.SZ,9.22,9.32,9.13,9.23,0.04,126273.38,116497.728
20230914,000426.SZ,9.23,9.6,9.22,9.52,0.29,256110.98,242180.39
20230915,000426.SZ,9.5,9.68,9.38,9.44,-0.08,168200.5,159979.431
20230918,000426.SZ,9.4,9.49,9.27,9.45,0.01,113868.0,106888.344
20230919,000426.SZ,9.5,9.68,9.31,9.49,0.04,193337.12,184044.587
20230920,000426.SZ,9.5,9.53,9.38,9.42,-0.07,73470.62,69302.806
20230921,000426.SZ,9.41,9.45,9.23,9.3,-0.12,111907.12,104354.142
20230922,000426.SZ,9.3,9.41,9.19,9.38,0.08,148936.28,138666.439
20230925,000426.SZ,9.44,9.56,9.31,9.46,0.08,116983.09,110637.324
20230926,000426.SZ,9.4,9.55,9.36,9.5,0.04,115047.11,109022.457
20230927,000426.SZ,9.45,9.82,9.45,9.67,0.17,204409.41,197494.524
20230928,000426.SZ,9.66,9.8,9.64,9.71,0.04,143174.32,139087.82
20231009,000426.SZ,10.18,10.44,9.94,10.39,0.68,628096.03,643841.886
20231010,000426.SZ,10.47,10.48,10.23,10.35,-0.04,247483.14,256284.549
20231011,000426.SZ,10.37,10.4,10.09,10.13,-0.22,201630.06,205468.489
20231012,000426.SZ,10.16,10.3,10.1,10.12,-0.01,122463.0,124609.635
20231013,000426.SZ,10.13,10.16,9.97,10.14,0.02,154390.0,155462.056
20231016,000426.SZ,10.26,10.28,10.0,10.09,-0.05,167309.21,169661.913
20231017,000426.SZ,10.17,10.17,9.98,10.09,0.0,101855.39,102467.162
20231018,000426.SZ,10.02,10.05,9.87,9.89,-0.2,144594.0,143851.037
20231019,000426.SZ,9.89,9.98,9.69,9.82,-0.07,170248.21,167621.206
20231020,000426.SZ,9.86,9.96,9.77,9.81,-0.01,134229.01,132177.576
20231023,000426.SZ,9.8,9.8,9.26,9.3,-0.51,206381.37,196033.898
20231024,000426.SZ,9.39,9.45,9.15,9.38,0.08,273906.0,255930.497
20231025,000426.SZ,9.58,9.62,9.38,9.42,0.04,171418.0,162923.491
20231026,000426.SZ,9.29,9.54,9.28,9.4,-0.02,180501.37,170175.678
20231027,000426.SZ,9.38,9.63,9.34,9.5,0.1,175299.69,166950.085
20231030,000426.SZ,9.6,9.68,9.11,9.15,-0.35,353404.56,329348.884
20231031,000426.SZ,9.25,9.42,9.16,9.39,0.24,249663.03,232277.537
20231101,000426.SZ,9.37,9.41,9.21,9.32,-0.07,139033.0,129596.919
20231102,000426.SZ,9.39,9.45,9.08,9.1,-0.22,185642.23,170774.731
20231103,000426.SZ,9.1,9.16,8.9,9.0,-0.1,204063.0,184489.398
20231106,000426.SZ,9.06,9.21,9.05,9.19,0.19,190874.88,174415.932
20231107,000426.SZ,9.08,9.22,9.06,9.13,-0.06,150697.33,137611.097
20231108,000426.SZ,9.1,9.4,9.06,9.29,0.16,218160.0,201778.445
20231109,000426.SZ,9.28,9.31,9.09,9.26,-0.03,182682.71,168183.966
20231110,000426.SZ,9.28,9.32,9.1,9.13,-0.13,162829.0,149642.075
20231113,000426.SZ,9.15,9.16,8.72,9.06,-0.07,246975.96,221329.177
20231114,000426.SZ,9.05,9.1,8.85,8.89,-0.17,183787.35,164557.181
20231115,000426.SZ,8.99,9.19,8.87,8.95,0.06,222078.3,199558.384
20231116,000426.SZ,8.92,8.98,8.78,8.82,-0.13,137833.86,121872.566
20231117,000426.SZ,8.8,9.13,8.74,9.11,0.29,230081.74,207011.292
20231120,000426.SZ,9.13,9.2,8.95,8.99,-0.12,134200.47,120870.595
20231121,000426.SZ,9.01,9.35,9.01,9.11,0.12,188835.55,173041.256
20231122,000426.SZ,9.1,9.15,8.96,8.98,-0.13,136686.77,123708.198
20231123,000426.SZ,8.9,9.02,8.87,9.02,0.04,75055.45,67175.075
20231124,000426.SZ,9.18,9.18,8.86,8.91,-0.11,167341.02,149779.427
20231127,000426.SZ,9.09,9.25,9.04,9.13,0.22,325283.8,297244.994
20231128,000426.SZ,9.16,9.27,9.07,9.13,0.0,176054.64,161070.118
20231129,000426.SZ,9.18,9.26,9.11,9.14,0.01,166430.17,152829.618
20231130,000426.SZ,9.13,9.15,8.88,9.0,-0.14,219717.0,196997.755
20231201,000426.SZ,9.0,9.12,8.89,9.07,0.07,135013.0,121794.156
20231204,000426.SZ,9.16,9.33,9.1,9.13,0.06,214099.98,197002.087
20231205,000426.SZ,9.03,9.07,8.96,8.98,-0.15,145335.0,130832.619
20231206,000426.SZ,8.94,9.08,8.91,9.03,0.05,165541.57,148719.978
20231207,000426.SZ,9.0,9.2,8.93,9.13,0.1,154468.0,140108.425
20231208,000426.SZ,9.13,9.15,8.99,9.02,-0.11,123914.0,112013.842
20231211,000426.SZ,8.96,9.01,8.8,9.01,-0.01,132530.0,118569.141
20231212,000426.SZ,8.98,9.05,8.94,9.01,0.0,92509.72,83218.903
20231213,000426.SZ,9.01,9.03,8.95,8.95,-0.06,62141.83,55772.321
20231214,000426.SZ,9.01,9.15,9.0,9.05,0.1,136533.83,123855.018
20231215,000426.SZ,9.08,9.12,8.51,8.86,-0.19,266827.2,235639.517
20231218,000426.SZ,8.72,9.04,8.71,8.99,0.13,181209.94,162235.155
20231219,000426.SZ,8.9,9.12,8.79,8.86,-0.13,141938.0,126118.246
20231220,000426.SZ,8.83,8.97,8.83,8.86,0.0,85438.13,75976.806
20231221,000426.SZ,8.84,8.94,8.71,8.87,0.01,99901.91,88035.601
20231222,000426.SZ,8.87,8.91,8.76,8.8,-0.07,116167.0,102512.378
20231225,000426.SZ,8.79,8.87,8.76,8.84,0.04,79073.0,69830.554
20231226,000426.SZ,8.88,8.95,8.81,8.85,0.01,87277.0,77503.427
20231227,000426.SZ,8.75,8.93,8.66,8.92,0.07,104480.37,92400.381
20231228,000426.SZ,8.94,9.04,8.92,8.95,0.03,128615.83,115280.307
20231229,000426.SZ,8.9,9.18,8.85,9.08,0.13,208149.96,188494.346
20240102,000426.SZ,9.17,9.18,9.06,9.11,0.03,160844.58,146718.742
20240103,000426.SZ,9.12,9.17,9.08,9.15,0.04,122645.0,111970.506
20240104,000426.SZ,9.11,9.39,9.08,9.36,0.21,188366.16,174538.228
20240105,000426.SZ,9.3,9.73,9.29,9.54,0.18,252120.22,240972.461
20240108,000426.SZ,9.55,9.57,9.35,9.37,-0.17,183583.88,173254.283
20240109,000426.SZ,9.38,9.58,9.23,9.5,0.13,166730.0,157565.303
20240110,000426.SZ,9.47,9.59,9.26,9.27,-0.23,151077.0,141373.15
20240111,000426.SZ,9.28,9.31,9.17,9.25,-0.02,124538.4,115090.071
20240112,000426.SZ,9.25,9.47,9.21,9.43,0.18,114212.8,107273.789
20240115,000426.SZ,9.43,9.59,9.35,9.56,0.13,167448.25,159231.296
20240116,000426.SZ,9.56,9.69,9.48,9.69,0.13,141685.0,136150.418
20240117,000426.SZ,9.65,9.75,9.53,9.53,-0.16,167824.81,161576.836
20240118,000426.SZ,9.39,9.45,8.88,9.13,-0.4,384876.13,349792.783
20240119,000426.SZ,9.09,9.25,9.06,9.15,0.02,164290.08,150435.336
20240122,000426.SZ,9.18,9.25,8.68,8.75,-0.4,231408.76,207767.409
20240123,000426.SZ,8.76,8.88,8.51,8.83,0.08,200967.91,174435.021
20240124,000426.SZ,8.89,9.14,8.74,9.14,0.31,185366.72,166068.02
20240125,000426.SZ,9.15,9.3,9.11,9.27,0.13,188664.96,173839.488
20240126,000426.SZ,9.25,9.48,9.21,9.39,0.12,167933.1,157432.54
20240129,000426.SZ,9.58,9.68,9.1,9.27,-0.12,275740.3,257053.115
20240130,000426.SZ,9.22,9.27,8.85,8.88,-0.39,212390.4,192644.12
20240131,000426.SZ,8.82,8.92,8.53,8.59,-0.29,176253.44,153539.55
20240201,000426.SZ,8.55,8.55,8.22,8.25,-0.34,236342.42,198095.066
20240202,000426.SZ,8.27,8.36,7.62,7.88,-0.37,347617.04,279304.783
20240205,000426.SZ,7.87,7.96,7.33,7.57,-0.31,419419.11,320551.886
20240206,000426.SZ,7.4,8.33,7.31,8.31,0.74,389307.31,306959.689
20240207,000426.SZ,8.55,8.85,8.35,8.73,0.42,390390.0,337780.982
20240208,000426.SZ,8.88,9.27,8.61,8.79,0.06,411680.49,367795.772
20240219,000426.SZ,8.8,9.06,8.8,8.94,0.15,271624.18,242155.852
20240220,000426.SZ,8.86,9.0,8.75,8.9,-0.04,145812.8,129264.887
20240221,000426.SZ,8.88,9.19,8.74,8.96,0.06,249592.39,225595.226
20240222,000426.SZ,8.93,9.01,8.89,8.97,0.01,187547.86,167789.095
20240223,000426.SZ,8.96,9.15,8.92,9.12,0.15,221805.16,200651.948
20240226,000426.SZ,9.11,9.17,8.96,9.05,-0.07,186250.19,168438.99
20240227,000426.SZ,9.0,9.06,8.93,9.06,0.01,222376.52,199999.689
20240228,000426.SZ,9.07,9.14,8.8,8.81,-0.25,240269.15,215901.148
20240229,000426.SZ,8.82,9.06,8.76,9.06,0.25,183485.25,164586.882
20240301,000426.SZ,9.06,9.15,8.99,9.04,-0.02,159072.0,143876.549
20240304,000426.SZ,9.12,9.31,9.07,9.24,0.2,259589.18,238662.468
20240305,000426.SZ,9.48,9.53,9.29,9.49,0.25,404535.1,381670.05
20240306,000426.SZ,9.42,9.76,9.4,9.62,0.13,382322.84,367616.895
20240307,000426.SZ,9.76,10.08,9.65,9.68,0.06,435825.2,430500.424
20240308,000426.SZ,9.85,9.93,9.69,9.91,0.23,257639.91,252911.588
20240311,000426.SZ,9.95,10.06,9.71,9.81,-0.1,273121.51,269282.089
20240312,000426.SZ,9.84,9.88,9.67,9.71,-0.1,190301.5,185555.792
20240313,000426.SZ,9.65,9.82,9.54,9.7,-0.01,189320.81,182641.912
20240314,000426.SZ,10.03,10.19,9.87,9.96,0.26,405425.13,407079.713
20240315,000426.SZ,9.95,10.86,9.93,10.68,0.72,561761.12,581979.246
20240318,000426.SZ,10.74,11.09,10.57,10.9,0.22,665768.71,723554.616
20240319,000426.SZ,10.86,11.18,10.85,10.9,0.0,539427.54,594463.446
20240320,000426.SZ,10.76,10.93,10.61,10.9,0.0,340799.06,367261.939
20240321,000426.SZ,11.3,11.38,10.89,11.02,0.12,349166.85,385921.135
20240322,000426.SZ,10.83,10.96,10.48,10.58,-0.44,373868.5,398120.75
20240325,000426.SZ,10.54,10.89,10.54,10.67,0.09,358008.03,384019.761
20240326,000426.SZ,10.61,10.78,10.52,10.72,0.05,209162.04,223375.391
20240327,000426.SZ,10.72,10.89,10.43,10.47,-0.25,215921.4,228753.855
20240328,000426.SZ,10.48,10.82,10.44,10.75,0.28,206342.29,219849.337
20240329,000426.SZ,10.9,11.29,10.83,11.29,0.54,431417.24,478504.348
20240401,000426.SZ,11.41,11.57,11.1,11.29,0.0,479944.02,543445.139
20240402,000426.SZ,11.22,11.46,11.2,11.41,0.12,353086.69,400238.154
20240403,000426.SZ,11.81,12.39,11.55,12.18,0.77,881549.58,1051533.188
20240408,000426.SZ,12.33,13.28,12.21,12.72,0.54,885543.12,1123098.9
20240409,000426.SZ,12.52,12.97,12.44,12.65,-0.07,618604.4,780812.439
20240410,000426.SZ,12.9,13.24,12.63,12.92,0.27,640526.92,827045.652
20240411,000426.SZ,12.55,13.51,12.52,13.08,0.16,569009.47,738718.327
20240412,000426.SZ,13.3,13.95,13.08,13.91,0.83,672094.7,910146.948
20240415,000426.SZ,13.32,13.47,12.72,13.41,-0.5,726062.22,954799.118
20240416,000426.SZ,13.5,13.55,12.47,12.56,-0.85,606146.64,784781.985
20240417,000426.SZ,12.35,13.1,12.35,12.93,0.37,433772.8,555193.562
20240418,000426.SZ,12.72,13.34,12.7,13.19,0.26,605312.77,789183.256
20240419,000426.SZ,13.49,13.87,12.93,13.24,0.05,602198.66,807002.489
20240422,000426.SZ,13.49,13.8,12.96,13.07,-0.17,625696.92,834275.022
20240423,000426.SZ,12.5,12.79,12.32,12.41,-0.66,757458.6,948182.463
20240424,000426.SZ,12.44,13.0,12.38,12.99,0.58,475005.63,605109.241
20240425,000426.SZ,12.91,13.22,12.79,13.15,0.16,288532.96,376767.816
20240426,000426.SZ,13.16,13.46,13.03,13.42,0.27,342151.27,453066.064
