date,code,open,high,low,close,change,volume,amount,equity_ratio,current_ratio,pe_ttm,EPS,dv_ratio
2006-06-30,000001.SZ,7.49,7.68,7.48,7.56,0.09,223635.06,169301.1514,42.4231,,35.1812,200.0,0.0
2006-06-30,000002.SZ,5.66,5.75,5.58,5.65,0.0,488177.92,276655.9531,1.4729,1.9603,15.0878,35.1931,1.2236
2006-06-30,000004.SZ,4.87,4.87,4.74,4.8,-0.05,10267.9,4921.0871,1.5822,1.4062,,7.4074,0.0
2006-06-30,000006.SZ,8.0,8.1,7.72,7.94,0.14,99658.79,78684.3042,0.8662,2.4416,15.3077,11970.1754,0.9446
2006-06-30,000007.SZ,3.6,3.65,3.51,3.6,0.0,23189.9,8347.0104,7.4333,0.4727,,-456.6667,0.0
2006-06-30,000008.SZ,5.05,5.08,4.89,4.92,-0.13,13948.23,6952.0452,0.0707,7.265,,-263.1579,0.0
2006-06-30,000010.SZ,3.08,3.16,3.02,3.15,0.03,21046.84,6475.7843,4.7838,1.0486,,-57.1429,0.0
2006-06-30,000012.SZ,8.4,8.77,8.37,8.56,0.19,173025.19,148935.9758,1.231,0.4184,27.8843,0.0,0.5521
2006-06-30,000014.SZ,7.78,7.86,7.58,7.72,-0.06,16804.97,12923.8543,1.4207,2.0953,15.822,82.025,0.3886
2006-06-30,000016.SZ,4.04,4.08,3.97,4.03,0.01,68850.53,27670.067,1.4289,1.4197,31.6507,50.0,0.0
2006-06-30,000019.SZ,7.88,7.88,7.88,7.88,0.72,3262.72,2571.0234,0.7474,0.7978,181.6132,260.0,0.0
2006-06-30,000020.SZ,3.89,3.92,3.78,3.83,-0.05,9397.99,3599.6042,0.5662,0.8997,137.253,42.8571,0.0
2006-06-30,000021.SZ,8.98,9.11,8.7,8.76,0.01,59122.77,52403.4138,0.4228,2.4529,23.3603,-5.9454,1.4269
2006-06-30,000023.SZ,3.96,3.98,3.86,3.88,-0.07,10339.69,4034.8959,3.257,0.8155,,-552.8571,0.0
2006-06-30,000025.SZ,4.02,4.15,4.01,4.1,0.09,29686.9,12160.5748,2.1276,0.5741,142.2291,150.0,0.0
2006-06-30,000026.SZ,6.28,6.39,6.26,6.37,0.07,10245.61,6467.0714,0.2182,3.2782,78.885,175.0,0.0
2006-06-30,000027.SZ,8.24,8.5,7.99,8.11,0.01,179685.81,146639.9739,0.5945,2.1741,12.7468,12.5,3.6991
2006-06-30,000028.SZ,6.75,6.79,6.46,6.47,-0.28,25195.63,16581.232,4.3074,0.9706,38.663,146.2687,0.0
2006-06-30,000030.SZ,1.93,1.93,1.82,1.88,-0.03,19889.85,3682.6891,,0.0142,,52.0548,0.0
2006-06-30,000031.SZ,5.8,5.95,5.67,5.73,-0.12,143147.77,82955.1225,0.5157,0.8012,35.2871,-31.25,0.0
2006-06-30,000032.SZ,5.2,5.26,5.02,5.04,-0.15,35052.62,17864.4656,1.0453,1.5331,28.2162,-8.3333,1.5873
2006-06-30,000034.SZ,1.87,1.88,1.8,1.82,-0.05,27914.07,5106.3181,,0.5376,,78.5714,0.0
2006-06-30,000036.SZ,3.7,3.72,3.61,3.63,-0.07,246973.94,90030.5384,3.0159,1.0903,119.9828,179.0698,0.551
2006-06-30,000037.SZ,5.52,5.7,5.43,5.47,0.13,41281.59,22833.9852,2.0939,0.643,,-254.0254,1.9239
2006-06-30,000045.SZ,7.32,7.88,7.18,7.74,0.41,14725.09,11140.4914,0.5178,1.082,92.959,-25.0,0.7752
2006-06-30,000049.SZ,6.98,7.06,6.81,6.89,-0.08,13113.97,9044.7949,1.7157,1.1961,49.3398,4.3077,0.0
2006-06-30,000050.SZ,7.26,7.37,6.99,7.11,-0.16,56543.87,40166.9416,0.84,1.4613,41.1522,8.9992,1.1252
2006-06-30,000055.SZ,5.01,5.21,4.86,5.16,0.17,52708.34,26647.5746,1.821,0.8983,,147.0,0.0
2006-06-30,000056.SZ,4.7,4.79,4.57,4.65,-0.05,29716.34,13860.8629,2.4141,1.2064,761.9717,-150.0,0.0
2006-06-30,000058.SZ,2.83,2.84,2.71,2.77,-0.07,97377.35,26965.2088,1.0866,0.7954,,284.6154,0.0
2006-06-30,000059.SZ,4.86,4.94,4.71,4.72,-0.13,63543.79,30515.8941,1.5761,0.6074,15.8465,-51.2249,0.0
2006-06-30,000060.SZ,13.36,13.92,13.2,13.33,0.44,314926.8,427836.4056,2.0147,0.8966,24.1467,139.2857,0.6698
2006-06-30,000061.SZ,9.99,10.0,9.22,9.54,-0.34,71722.12,67756.2131,1.0691,0.6764,179.0656,-208.1281,0.5241
2006-06-30,000063.SZ,27.85,29.01,27.85,28.61,0.53,67461.94,193600.7386,1.0145,1.9547,27.5254,-45.8333,0.3302
2006-06-30,000065.SZ,6.08,6.15,5.89,5.9,-0.17,30408.04,18159.5842,1.5117,1.8503,32.967,-166.2338,1.0169
2006-06-30,000066.SZ,6.55,6.6,6.47,6.5,-0.03,39300.08,25639.1979,0.4816,2.0347,11.03,-86.0465,4.6154
2006-06-30,000068.SZ,4.92,5.06,4.82,4.96,0.02,67070.47,33113.4636,0.8793,0.8267,,-96.9951,7.0427
2006-06-30,000069.SZ,11.84,11.84,11.49,11.51,-0.13,64594.21,74959.0145,1.2087,0.3956,26.9693,-13.242,0.0
2006-06-30,000070.SZ,4.32,4.36,4.15,4.25,-0.05,21525.49,9132.3529,0.5796,1.9216,,157.4713,0.7059
2006-06-30,000078.SZ,3.38,3.46,3.32,3.38,0.04,91717.81,31147.4457,3.4878,0.9835,,114.2857,0.0
2006-06-30,000088.SZ,9.06,9.2,9.0,9.1,0.04,120765.15,109988.8187,0.3301,1.7581,15.8853,26.3711,7.1429
2006-06-30,000090.SZ,7.86,7.95,7.54,7.66,-0.17,47183.75,36208.0121,1.4038,1.1406,18.3018,138.0952,0.2238
2006-06-30,000096.SZ,4.02,4.08,3.92,4.04,0.04,39260.96,15668.6562,0.2106,3.147,33.6445,39.0796,3.3416
2006-06-30,000099.SZ,5.43,5.49,5.27,5.29,-0.16,57815.64,30913.5204,0.6478,1.0281,30.4225,-69.2533,0.9452
2006-06-30,000100.SZ,2.53,2.56,2.45,2.46,-0.07,351567.98,87287.7432,3.0288,1.0315,,-6.4974,2.0325
2006-06-30,000153.SZ,2.98,3.0,2.89,2.93,-0.05,43402.0,12713.8392,0.8171,0.8599,87.1188,1.8519,0.0
2006-06-30,000155.SZ,5.0,5.04,4.87,4.89,-0.09,30899.48,15226.6698,0.4994,1.0877,9.1541,24.3243,2.045
2006-06-30,000158.SZ,3.38,3.42,3.3,3.33,-0.05,25235.02,8413.7928,1.3137,0.9657,35.2113,40.0,1.8018
2006-06-30,000301.SZ,4.18,4.21,4.0,4.04,-0.13,196303.08,80131.49,0.962,1.2012,53.9922,293.1148,0.0
2006-06-30,000400.SZ,7.7,7.83,7.45,7.49,-0.19,48346.04,36726.6559,1.0791,1.493,24.6318,5.8824,1.6021
2006-06-30,000401.SZ,3.9,3.95,3.8,3.84,-0.05,63486.86,24582.4201,1.7427,0.6411,26.9134,60.9053,2.6042
2006-06-30,000402.SZ,8.39,8.43,8.16,8.2,-0.19,78224.38,64625.344,2.9329,1.3892,18.9529,173.3333,1.7422
2006-06-30,000404.SZ,3.04,3.08,2.98,3.01,-0.03,20988.08,6345.1222,2.6837,0.853,,-76.9231,0.0
2006-06-30,000410.SZ,13.4,14.0,13.3,13.81,0.5,87604.27,119603.6753,3.7522,1.1139,48.6117,49.1667,0.0
2006-06-30,000413.SZ,2.2,2.2,2.2,2.2,0.2,8050.42,1771.0924,2.5172,0.4338,,-10176.9231,0.0
2006-06-30,000415.SZ,3.08,3.14,3.04,3.11,0.09,88777.14,27399.2258,1.3239,0.8481,,-1366.6667,0.0
2006-06-30,000417.SZ,4.44,4.45,4.3,4.35,-0.07,34334.4,14950.5863,1.5316,0.9729,28.7351,21.0127,1.7683
2006-06-30,000419.SZ,6.68,7.0,6.63,6.98,0.31,63935.91,43741.571,1.2263,0.8537,36.3792,2.963,1.4327
2006-06-30,000420.SZ,2.48,2.51,2.45,2.46,-0.04,33585.7,8289.0811,0.9056,0.8973,79.1754,-134.0996,0.0
2006-06-30,000421.SZ,3.8,3.87,3.66,3.75,-0.13,57900.7,21608.6191,4.2984,0.7698,,134.6795,0.0
2006-06-30,000422.SZ,4.86,4.88,4.71,4.8,-0.04,172693.88,82672.4787,1.5147,1.1943,14.509,-34.738,1.4205
2006-06-30,000423.SZ,11.45,11.59,10.91,11.17,-0.28,55957.63,62535.8552,0.1428,5.0094,41.48,15.3846,2.5442
2006-06-30,000425.SZ,6.0,6.48,5.78,6.2,0.23,289677.01,176268.109,2.1525,1.1116,,111.7647,0.0
2006-06-30,000426.SZ,3.81,3.88,3.75,3.76,-0.03,30887.37,11693.785,0.9506,1.2521,53.4615,-57.1429,0.0
2006-06-30,000428.SZ,7.26,7.47,7.2,7.43,0.18,15120.14,11094.3964,1.2284,0.7046,143.1905,57.1429,1.3459
2006-06-30,000429.SZ,4.38,4.39,4.3,4.33,-0.03,30978.42,13446.6517,0.6366,0.8733,15.7357,-4.7143,0.8376
2006-06-30,000430.SZ,3.4,3.46,3.3,3.34,-0.17,43170.96,14479.2625,2.8443,0.15,,-402.8986,
2006-06-30,000488.SZ,5.31,5.36,5.18,5.2,-0.09,142155.77,74284.8845,1.673,0.9815,12.3403,-8.3333,0.5616
2006-06-30,000498.SZ,2.17,2.19,2.13,2.14,-0.03,50859.38,10941.563,4.0998,0.7641,,-28.5714,0.0
2006-06-30,000501.SZ,6.29,6.5,6.03,6.38,0.31,99452.29,62355.8401,1.967,0.6702,218.9397,17.6471,0.0
2006-06-30,000503.SZ,8.49,8.5,8.27,8.3,-0.1,99055.3,82775.2395,0.1708,3.6192,44.2918,173.7864,0.0
2006-06-30,000504.SZ,5.29,5.29,5.13,5.14,-0.12,27107.23,14031.7841,0.3584,1.6757,183.2266,-30.1775,0.0
2006-06-30,000505.SZ,2.29,2.39,2.29,2.39,0.11,48217.79,11456.5278,16.1358,0.8554,,-2.4209,0.0
2006-06-30,000509.SZ,1.9,1.92,1.88,1.91,0.02,43856.22,8342.0426,4.6416,0.405,,44.7115,0.0
2006-06-30,000514.SZ,4.87,5.04,4.82,4.97,0.1,26998.38,13359.5644,2.4948,1.4638,417.664,-29.3333,0.0
2006-06-30,000516.SZ,5.92,5.96,5.7,5.8,-0.1,14341.86,8318.54,1.3541,0.7177,20.87,16.2791,2.2759
2006-06-30,000518.SZ,2.31,2.33,2.25,2.29,-0.02,233421.55,53273.0058,0.1688,3.6021,,25.0,0.0
2006-06-30,000519.SZ,5.68,5.7,5.48,5.57,-0.07,41269.45,22972.8711,0.4086,1.96,18.4288,573.5,0.0
2006-06-30,000521.SZ,3.6,3.6,3.49,3.51,-0.07,22798.22,8030.1151,2.0731,0.8238,870.6481,-49.0385,0.0
2006-06-30,000523.SZ,4.38,4.39,4.2,4.22,-0.16,26985.3,11513.853,0.4802,1.9485,51.7059,30.0,0.0
2006-06-30,000525.SZ,7.8,7.85,7.43,7.5,-0.24,39081.99,29624.6592,2.7677,1.0415,63.1005,-9.0909,0.8
2006-06-30,000526.SZ,4.91,4.95,4.77,4.86,-0.04,19150.72,9286.2895,0.0654,2.5216,21.8616,226.0274,0.0
2006-06-30,000528.SZ,7.75,8.39,7.56,8.12,0.49,339211.9,270308.7737,0.7155,1.9104,16.9946,55.5556,2.4631
2006-06-30,000530.SZ,4.68,4.74,4.55,4.71,0.08,43151.73,20143.7362,0.4659,1.7121,16.4716,-17.4312,0.8887
2006-06-30,000531.SZ,6.0,6.2,5.95,5.98,0.06,31935.74,19270.6795,1.2293,0.4682,12.4531,0.0,4.1806
2006-06-30,000534.SZ,4.9,5.28,4.9,5.19,0.36,41016.81,20947.2493,0.0197,28.7418,102.3633,593.7888,0.0
2006-06-30,000536.SZ,3.2,3.31,3.16,3.28,0.12,13312.01,4323.7114,,0.6684,236.6418,-28.6765,0.0
2006-06-30,000537.SZ,3.92,4.0,3.83,3.92,0.0,60016.14,23479.3065,3.4518,1.1312,1433.4001,-273.3333,0.0
2006-06-30,000538.SZ,29.5,29.95,28.79,28.95,-0.78,18009.14,52676.0928,0.8995,1.7623,37.53,-7.9141,0.905
2006-06-30,000539.SZ,4.65,4.8,4.6,4.65,0.07,161625.13,75499.2433,0.6881,0.7379,17.0446,-2.439,0.76
2006-06-30,000541.SZ,9.87,9.9,9.7,9.73,-0.13,32990.67,32227.5534,0.102,5.8229,16.2989,-3.0303,2.6286
2006-06-30,000544.SZ,3.84,3.84,3.68,3.73,-0.07,23970.3,8981.3803,1.493,0.8476,211.1262,-14.4703,0.0
2006-06-30,000546.SZ,2.82,2.83,2.72,2.82,0.01,31763.7,8815.3979,1.7668,0.637,26.3347,110.3093,0.0
2006-06-30,000547.SZ,6.66,6.93,6.3,6.72,0.26,94400.26,62346.0102,1.3508,1.0924,,-50.5155,0.0
2006-06-30,000548.SZ,5.15,5.26,5.06,5.18,-0.04,60374.04,31295.4412,0.6409,1.4132,,200.0,1.8656
2006-06-30,000550.SZ,9.3,9.58,8.82,9.15,0.0,48077.61,43868.7667,0.6494,1.7301,12.437,66.6667,0.3713
2006-06-30,000551.SZ,4.12,4.16,4.01,4.07,-0.05,18941.96,7712.0316,0.9657,1.2858,17.4879,42.8571,2.457
2006-06-30,000552.SZ,5.88,5.9,5.58,5.73,-0.1,43661.43,24964.6446,1.6151,0.3961,21.3682,216.0,0.0
2006-06-30,000554.SZ,5.64,5.79,5.61,5.74,0.1,79990.91,45708.2658,0.0906,4.3087,97.748,,2.8409
2006-06-30,000555.SZ,3.08,3.08,2.95,2.95,-0.12,18668.16,5604.2771,,0.2829,,-1489.7436,0.0
2006-06-30,000557.SZ,1.76,1.77,1.7,1.77,0.08,377000.37,65735.2899,,0.1347,275.3426,-33.3333,0.0
2006-06-30,000558.SZ,3.25,3.25,3.11,3.14,-0.1,21085.48,6666.3652,3.2155,0.9493,,66.6667,0.0
2006-06-30,000559.SZ,3.57,3.6,3.5,3.56,0.02,67312.92,23846.4952,1.3475,1.1935,25.6925,-14.1176,2.0064
2006-06-30,000560.SZ,4.04,4.08,3.94,3.96,-0.07,9231.91,3689.4899,,0.9833,20.5468,-57.7556,0.0
2006-06-30,000561.SZ,2.07,2.08,2.0,2.07,0.0,73155.79,14873.913,,0.1922,37.6139,-500.0,0.0
2006-06-30,000563.SZ,8.09,8.09,7.5,7.57,0.22,113592.88,87934.6069,1.9662,,,101.8519,0.0
2006-06-30,000564.SZ,3.39,3.4,3.27,3.35,-0.03,48014.49,15979.0156,0.7701,0.4654,48.6725,0.0,2.2305
2006-06-30,000565.SZ,4.81,5.29,4.8,5.29,0.48,135193.39,70654.809,0.3914,2.0893,185.7363,160.241,0.0
2006-06-30,000566.SZ,3.93,3.94,3.78,3.79,-0.1,19450.17,7443.0416,0.6871,1.4301,34.7693,1.5873,0.0
2006-06-30,000567.SZ,3.63,3.73,3.55,3.7,0.07,19903.67,7234.7737,2.4026,1.7429,250.8954,170.8333,0.0
2006-06-30,000568.SZ,15.0,15.04,14.5,14.63,-0.11,70597.79,104222.0662,0.572,1.8773,127.82,423.8095,0.2734
2006-06-30,000570.SZ,4.6,4.73,4.43,4.63,0.05,80107.98,36686.8358,0.8807,1.322,31.2804,95.7447,0.0
2006-06-30,000572.SZ,4.83,4.85,4.66,4.68,-0.15,20923.31,9886.7735,1.7214,1.5273,13.523,-4.6361,0.0
2006-06-30,000573.SZ,2.56,2.68,2.54,2.66,0.1,155560.48,40894.4888,0.5136,1.9613,112.5572,-13.3333,0.0
2006-06-30,000576.SZ,3.86,3.89,3.73,3.75,-0.1,66867.24,25257.273,1.3996,0.8138,,131.9588,0.0
2006-06-30,000581.SZ,6.72,6.84,6.58,6.76,0.04,83057.1,55614.5613,0.8075,1.3091,27.0571,-60.0,0.7064
2006-06-30,000582.SZ,5.35,5.44,5.24,5.28,0.03,22375.51,11918.8334,0.9873,1.0131,1247.382,-120.6349,0.0
2006-06-30,000584.SZ,2.93,3.01,2.92,2.97,0.04,82957.9,24576.9564,1.3656,0.5211,257.9089,6.6667,0.0
2006-06-30,000586.SZ,3.09,3.12,2.92,2.93,-0.13,22607.68,6689.8865,1.2898,1.3506,,-409.0909,1.0239
2006-06-30,000589.SZ,4.91,5.19,4.9,5.08,0.18,133472.7,67828.6666,2.0702,0.9717,22.5382,159.2593,0.0
2006-06-30,000591.SZ,8.15,8.9,8.03,8.89,0.8,52278.85,45728.906,3.9248,0.8544,66.7693,-7.5786,0.0
2006-06-30,000595.SZ,3.48,3.6,3.35,3.53,0.08,77118.98,26802.6208,1.4948,1.3536,84.1469,190.0,0.0
2006-06-30,000596.SZ,5.95,5.95,5.57,5.64,-0.22,18163.96,10311.9262,0.5799,1.726,58.3675,109.3023,0.0
2006-06-30,000597.SZ,3.61,3.75,3.52,3.71,0.1,142234.1,52398.0098,1.4317,1.3,77.7699,100.0,0.0
2006-06-30,000598.SZ,5.25,5.26,5.03,5.15,-0.03,93259.96,48135.5669,1.061,1.2287,,-35.7692,0.0
2006-06-30,000599.SZ,2.89,2.89,2.83,2.85,-0.02,72350.28,20614.8441,1.4614,0.7303,20.5108,-24.697,0.0
2006-06-30,000600.SZ,4.78,4.85,4.63,4.71,-0.04,20870.47,9889.8408,2.4646,0.5857,18.9198,33.3333,1.1323
2006-06-30,000603.SZ,2.59,3.18,2.52,3.0,-1.46,96123.81,28405.5389,1.354,0.3312,,136.1111,0.0
2006-06-30,000605.SZ,4.2,4.22,4.11,4.15,-0.05,14339.71,5956.1234,2.4455,0.7003,,-2000.0,0.0
2006-06-30,000607.SZ,3.6,3.64,3.54,3.58,-0.03,72595.62,25935.2649,2.0585,1.1467,43.9989,-53.0568,1.23
2006-06-30,000608.SZ,5.58,5.63,5.41,5.48,-0.06,56427.5,30831.2788,1.894,1.6491,13.6765,-45.8333,0.0
2006-06-30,000609.SZ,8.01,8.32,7.9,7.98,-0.15,6502.22,5228.7598,0.2827,12.7279,37.8412,142.8571,0.0
2006-06-30,000610.SZ,4.39,4.44,4.22,4.25,-0.14,23880.02,10250.2482,0.2177,2.5211,27.3429,-31.7647,1.8824
2006-06-30,000615.SZ,3.48,3.6,3.41,3.48,0.04,162680.13,56775.6697,0.8342,1.1323,67.5612,23.0769,0.0
2006-06-30,000617.SZ,21.97,21.97,20.51,20.74,-0.31,13978.19,29552.5176,1.7439,1.1919,35.3555,-31.4286,0.6429
2006-06-30,000619.SZ,7.08,7.15,6.72,6.87,-0.21,96365.36,66473.3345,0.5462,1.3554,17.9546,0.5484,0.5822
2006-06-30,000625.SZ,5.3,5.48,5.23,5.43,0.13,203880.03,109261.2733,1.3186,1.1112,36.7171,16.6667,1.7198
2006-06-30,000626.SZ,6.75,6.88,6.48,6.49,-0.15,34735.89,23010.2783,2.7877,1.1951,,47.0124,0.0
2006-06-30,000627.SZ,3.08,3.08,2.9,2.95,-0.09,82215.03,24291.726,0.5075,1.3013,290.2057,250.0,0.0
2006-06-30,000629.SZ,3.66,3.75,3.62,3.67,0.01,221188.1,81310.2244,0.8165,1.1143,13.1568,-52.0833,2.7947
2006-06-30,000630.SZ,6.5,6.62,6.44,6.45,0.12,248464.74,162119.2839,1.6455,1.0551,10.9085,12.5,1.1327
2006-06-30,000632.SZ,3.0,3.15,2.95,3.15,0.15,85238.96,26170.2724,3.7824,1.3781,,-15.625,0.0
2006-06-30,000633.SZ,2.32,2.32,2.19,2.2,-0.09,39034.93,8772.4151,,0.4634,,88.8492,0.0
2006-06-30,000635.SZ,5.91,6.1,5.84,5.96,0.07,34472.26,20628.4764,3.5726,0.3859,21.0775,-4.4893,1.3982
2006-06-30,000637.SZ,6.62,7.13,6.59,7.1,0.5,46106.81,31056.6018,0.1022,4.9744,,177.0115,1.7164
2006-06-30,000639.SZ,8.81,9.1,8.81,9.02,0.12,11703.8,10470.324,1.0345,1.2478,81.9439,16.6667,1.231
2006-06-30,000651.SZ,13.77,13.9,13.6,13.74,-0.03,73616.05,101090.6458,3.9029,1.0105,14.0009,16.0,2.7656
2006-06-30,000652.SZ,4.85,5.3,4.76,5.3,0.48,459940.65,236306.3708,1.7077,1.2738,63.8679,66.6667,0.3774
2006-06-30,000659.SZ,3.2,3.23,3.12,3.14,-0.06,100946.7,31976.535,1.0474,0.6962,30.4408,23.4568,1.5924
2006-06-30,000661.SZ,5.62,5.81,5.5,5.67,0.04,38347.27,21717.4166,2.6682,1.27,,-22.5806,0.0
2006-06-30,000669.SZ,6.85,6.94,6.6,6.84,-0.02,14362.68,9717.675,1.6211,1.0818,151.8871,100.0,0.0
2006-06-30,000670.SZ,2.56,2.56,2.43,2.54,0.1,86165.51,21636.4583,3.3396,0.3396,,7.78,0.0
2006-06-30,000672.SZ,2.08,2.16,2.06,2.16,0.1,79409.04,17024.3886,4.3848,0.3981,,43.75,0.0
2006-06-30,000676.SZ,6.34,6.39,6.16,6.22,-0.12,29791.06,18534.1183,1.9856,1.1366,61.5177,-33.3333,3.1044
2006-06-30,000677.SZ,3.64,3.67,3.55,3.61,0.02,90749.86,32664.3331,3.561,0.7342,19.7258,-44.4144,0.831
2006-06-30,000680.SZ,5.1,5.56,5.03,5.42,0.35,566678.82,298432.2918,0.8462,1.3907,22.0913,150.0,0.0
2006-06-30,000682.SZ,3.15,3.17,3.07,3.09,-0.06,140927.15,43801.8391,0.1556,4.296,186.6709,30.0,0.0
2006-06-30,000683.SZ,5.16,5.25,5.02,5.1,-0.06,53827.9,27601.2715,3.9277,0.3144,54.8577,-40.0,0.0
2006-06-30,000685.SZ,3.69,3.71,3.55,3.57,-0.14,35018.42,12631.6098,0.0935,2.2615,70.4973,-77.1739,0.6443
2006-06-30,000686.SZ,10.25,11.33,10.0,11.06,0.75,40647.65,44221.2911,0.1412,2.6123,107.7693,5.2632,0.0
2006-06-30,000690.SZ,10.6,10.7,10.15,10.31,-0.19,71838.74,74258.5112,2.1875,1.0915,22.2439,475.0,1.4922
2006-06-30,000692.SZ,2.7,2.82,2.68,2.72,0.04,53600.41,14588.3692,1.3371,0.8145,,65.9818,0.0
2006-06-30,000695.SZ,9.5,9.75,9.21,9.44,-0.22,127159.6,121194.6363,1.386,0.8522,46.4487,44.6429,0.0
2006-06-30,000698.SZ,5.86,5.94,5.7,5.71,-0.19,47754.0,27586.8342,1.4931,0.7264,32.6822,64.1975,0.8757
2006-06-30,000700.SZ,3.78,3.81,3.63,3.64,-0.14,146266.38,53945.0659,1.2927,0.7754,82.2455,30.3333,4.9451
2006-06-30,000701.SZ,7.31,7.35,7.08,7.12,-0.15,28868.83,20674.3037,2.6471,1.1764,58.4263,29.052,4.8852
2006-06-30,000702.SZ,3.25,3.29,3.15,3.21,0.03,58907.08,18985.4844,1.509,0.9614,1420.4951,-91.7293,0.0
2006-06-30,000703.SZ,4.09,4.22,4.09,4.17,0.08,17656.12,7343.2758,1.5415,0.9897,,-544.4444,0.0
2006-06-30,000708.SZ,5.52,5.56,5.31,5.36,-0.15,46927.12,25349.9992,1.4839,0.9173,19.1442,528.5714,0.0
2006-06-30,000709.SZ,3.96,4.01,3.9,3.96,0.0,132119.53,52209.7433,2.0489,0.9449,10.0622,-6.0606,10.8918
2006-06-30,000710.SZ,3.85,4.06,3.85,4.06,0.19,9724.46,3848.7964,1.33,1.0448,,235.0,0.0
2006-06-30,000711.SZ,3.8,3.87,3.76,3.78,-0.04,15273.2,5815.0732,0.4997,1.8727,172.882,-5.7034,1.3228
2006-06-30,000713.SZ,4.86,4.89,4.6,4.71,-0.19,138248.06,65274.3185,1.2038,1.0611,41.5843,10.7333,1.0616
2006-06-30,000716.SZ,3.5,3.53,3.44,3.45,-0.04,15963.31,5542.7044,2.18,0.8683,,164.5,0.0
2006-06-30,000717.SZ,3.36,3.39,3.24,3.28,-0.03,209712.4,69139.6709,1.3742,0.6948,,-53.7469,3.811
2006-06-30,000718.SZ,4.95,5.18,4.95,5.09,0.04,35488.04,18050.2389,3.2486,1.2685,24.694,-37.5,0.0
2006-06-30,000720.SZ,2.83,2.98,2.78,2.92,0.14,586607.11,168173.377,1.6412,0.5297,104.5171,88.7755,0.0
2006-06-30,000721.SZ,6.25,6.53,6.25,6.36,0.16,49634.09,31670.3542,1.7612,0.4692,52.1679,-1.7682,0.0
2006-06-30,000723.SZ,6.3,6.38,6.23,6.32,0.08,10047.86,6319.2568,1.4945,1.2805,150.2261,7.6923,0.0
2006-06-30,000725.SZ,3.27,3.4,3.26,3.32,0.05,120639.89,40278.665,9.4845,0.6377,,14.7059,0.0687
2006-06-30,000726.SZ,7.34,7.69,7.34,7.69,0.7,209488.97,159978.6674,1.4277,0.6988,10.3363,2.5,3.4428
2006-06-30,000727.SZ,4.1,4.12,3.9,3.98,-0.11,95359.28,38061.5819,0.904,0.4951,,179.7297,1.2563
2006-06-30,000728.SZ,5.38,5.74,5.25,5.65,0.38,37634.29,20852.1591,0.1825,1.5485,,-38.7097,0.0
2006-06-30,000729.SZ,8.77,8.87,8.5,8.55,-0.17,70566.38,60852.8646,0.4583,1.0844,33.8879,0.0,0.4332
2006-06-30,000731.SZ,10.83,11.23,10.73,10.96,0.13,25716.19,28216.6789,0.5731,0.9661,12.0549,9.6244,9.9756
2006-06-30,000733.SZ,7.72,7.86,7.51,7.59,-0.09,75080.39,57470.5867,0.322,2.3631,154.0228,33.3333,0.0
2006-06-30,000735.SZ,2.23,2.24,2.16,2.19,-0.05,162430.68,35556.5876,0.645,1.1783,,-27.5362,0.0
2006-06-30,000736.SZ,5.6,5.7,5.34,5.63,0.03,2413.0,1342.9136,,0.0269,,-11.7647,0.0
2006-06-30,000737.SZ,3.35,3.35,3.22,3.24,-0.06,56973.36,18556.8918,1.2328,1.0328,75.512,-12.1212,0.0
2006-06-30,000738.SZ,3.76,3.8,3.59,3.65,-0.09,42405.78,15609.3882,0.4613,0.9987,,117.4286,0.0
2006-06-30,000739.SZ,4.26,4.28,4.14,4.19,-0.05,29902.82,12523.5567,1.8552,0.9012,13.3302,1.9537,1.1933
2006-06-30,000750.SZ,2.99,3.05,2.89,2.98,0.03,62891.28,18689.6753,1.5445,0.5349,,-115.1052,0.0
2006-06-30,000751.SZ,4.75,4.93,4.72,4.73,0.03,271217.42,130668.0881,1.6617,1.093,247.6504,263.1961,0.0
2006-06-30,000755.SZ,6.55,6.68,6.45,6.62,0.1,59093.49,38763.9857,1.3334,0.5688,31.5473,55.7958,0.0
2006-06-30,000756.SZ,3.18,3.18,3.12,3.14,-0.03,14442.79,4543.8926,0.5314,1.2604,231.8321,-20.5882,0.0
2006-06-30,000757.SZ,2.23,2.25,2.12,2.16,-0.07,35938.76,7779.5678,,0.793,,50.3311,0.0
2006-06-30,000758.SZ,8.28,8.49,8.02,8.3,0.17,160322.57,132818.5396,1.2946,1.4199,26.1441,115.7143,1.4458
2006-06-30,000759.SZ,7.18,7.32,7.06,7.2,0.03,44976.66,32421.7031,1.99,0.568,40.4,87.5,0.8681
2006-06-30,000761.SZ,4.95,4.98,4.81,4.89,-0.05,57211.02,27866.5119,0.4188,2.1594,10.2901,-42.197,0.6668
2006-06-30,000767.SZ,4.98,5.07,4.79,4.84,0.01,174369.71,85072.6737,1.3323,0.6656,19.7855,21.0415,2.7813
2006-06-30,000768.SZ,8.92,8.95,8.33,8.49,-0.42,188023.89,162163.7196,0.5552,1.7721,117.9533,50.0,0.0
2006-06-30,000777.SZ,8.38,8.82,8.25,8.74,0.44,64595.84,55384.3863,0.7406,1.6099,106.1475,13.0556,0.0
2006-06-30,000778.SZ,6.28,6.33,6.2,6.23,-0.03,70402.45,44073.6963,0.9524,1.4134,10.3084,-18.961,13.4537
2006-06-30,000782.SZ,2.79,2.83,2.71,2.72,-0.07,50272.4,13804.6399,1.2251,0.8279,56.4405,11.1111,1.5542
2006-06-30,000783.SZ,4.68,4.79,4.62,4.75,0.09,56387.49,26639.1313,,0.581,,-197.216,0.0
2006-06-30,000785.SZ,4.16,4.19,4.01,4.09,-0.07,37114.82,15148.2453,3.0026,0.4958,,135.2941,0.0
2006-06-30,000786.SZ,5.0,5.28,4.95,5.22,0.2,183903.99,93105.7912,1.7564,0.8682,24.2707,24.0489,0.9579
2006-06-30,000788.SZ,3.3,3.34,3.24,3.27,-0.03,11553.37,3781.6256,1.7397,0.7365,63.0845,-25.0,0.0
2006-06-30,000790.SZ,7.4,7.43,7.02,7.05,-0.3,15263.9,10932.9046,0.6691,1.4829,1313.1279,-50.0,1.182
2006-06-30,000791.SZ,2.3,2.35,2.27,2.31,-0.02,36242.46,8376.7042,1.0165,0.9173,340.2472,101.699,0.0
2006-06-30,000792.SZ,20.72,20.8,19.78,20.3,-0.37,91460.55,183515.4421,1.0579,2.1518,29.0157,35.4571,1.4778
2006-06-30,000793.SZ,5.96,6.13,5.83,5.99,0.01,131630.26,78959.0181,0.8844,1.5889,127.546,-15.082,0.2504
2006-06-30,000795.SZ,3.12,3.16,3.05,3.06,-0.06,43296.62,13380.5449,1.4057,1.1814,540.8552,-1466.6667,0.0
2006-06-30,000796.SZ,3.95,3.98,3.87,3.89,0.01,20240.62,7896.4418,1.1319,0.8497,,-85.8553,0.0
2006-06-30,000797.SZ,4.67,4.72,4.62,4.62,-0.07,15247.32,7119.3322,2.0101,1.3687,112.4646,-14.8936,0.0
2006-06-30,000799.SZ,5.42,5.44,5.25,5.35,-0.06,19736.47,10534.5414,1.383,0.968,,-733.3333,0.0
2006-06-30,000801.SZ,7.57,7.88,7.2,7.2,-0.01,18772.85,14054.5941,1.1699,1.2731,126.5086,500.0,0.0
2006-06-30,000802.SZ,5.1,5.13,4.92,4.96,-0.12,14439.21,7210.3544,1.2488,0.5983,50.7099,-25.0,0.0
2006-06-30,000807.SZ,6.01,6.25,5.99,6.08,0.19,188783.51,115441.5774,2.1344,1.256,21.5504,32.2314,4.9342
2006-06-30,000810.SZ,6.46,6.5,6.25,6.32,-0.14,11798.05,7469.8385,1.0997,0.6522,25.5738,50.0,0.0
2006-06-30,000811.SZ,6.21,6.45,6.09,6.38,0.17,44546.17,28008.7156,1.5831,0.808,26.2279,-8.3957,1.5674
2006-06-30,000813.SZ,2.55,2.58,2.48,2.5,-0.04,32621.84,8216.0687,0.8634,1.5403,87.935,25.0,0.0
2006-06-30,000815.SZ,6.68,6.77,6.52,6.66,-0.03,26642.33,17771.0178,3.1408,0.7087,17.9011,-18.1818,0.3128
2006-06-30,000816.SZ,3.35,3.61,3.29,3.43,0.15,449162.03,153220.8515,0.993,1.299,58.8448,-45.8333,0.0
2006-06-30,000818.SZ,3.28,3.46,3.23,3.4,0.12,118226.5,39890.7918,2.0689,0.6098,36.2897,59.2357,1.4706
2006-06-30,000819.SZ,10.3,10.39,9.8,9.94,-0.43,17984.86,18009.7573,1.4999,1.2761,61.379,-21.5686,6.377
2006-06-30,000820.SZ,3.85,3.88,3.71,3.71,-0.2,50507.54,18993.5696,2.802,0.5902,,381.25,0.0
2006-06-30,000821.SZ,2.96,3.19,2.91,3.09,0.13,128202.24,39110.2299,0.2346,3.0735,47.2919,-20.0,0.0
2006-06-30,000822.SZ,4.68,4.78,4.6,4.65,-0.01,108668.82,50783.0551,1.6195,1.0351,11.5393,-30.0,1.3406
2006-06-30,000823.SZ,5.14,5.2,4.98,5.01,-0.16,69107.5,34926.6241,1.2214,1.1714,26.0854,126.087,0.0
2006-06-30,000825.SZ,6.4,6.44,6.2,6.27,-0.11,126608.39,79728.0645,1.513,0.958,26.266,-3.4913,1.5484
2006-06-30,000826.SZ,5.9,6.15,5.9,6.08,0.21,62031.04,37367.8088,1.1972,1.9804,36.5302,42.8571,0.0
2006-06-30,000828.SZ,3.92,3.94,3.83,3.86,-0.04,47523.9,18357.0828,0.2544,0.0972,18.6214,-0.6192,4.2088
2006-06-30,000830.SZ,3.39,3.41,3.31,3.37,0.01,135895.93,45684.5446,2.1393,1.1409,17.5448,-36.8984,1.1413
2006-06-30,000831.SZ,5.0,5.26,5.0,5.23,0.3,150788.34,77930.4405,2.0992,0.7679,131.0838,20.0,0.5736
2006-06-30,000833.SZ,9.25,9.35,8.92,9.0,-0.16,35934.98,32558.0971,1.437,0.6475,57.0105,-50.0,2.8478
2006-06-30,000836.SZ,5.57,5.69,5.39,5.58,0.01,32224.29,17850.3919,3.1757,1.0874,,148.1481,0.0
2006-06-30,000837.SZ,7.18,7.48,7.1,7.39,0.07,90363.99,65877.7935,0.7067,1.9244,36.8332,3.0846,0.2706
2006-06-30,000839.SZ,19.98,19.98,19.21,19.5,-0.32,64575.65,126060.9416,1.3981,0.8298,57.2364,10.4774,0.5128
2006-06-30,000848.SZ,9.6,9.68,9.36,9.47,-0.22,12930.29,12188.5466,1.0174,1.1486,37.3104,12.5,2.8804
2006-06-30,000850.SZ,4.13,4.15,3.92,3.97,-0.15,160935.61,64634.1871,0.6799,1.0856,48.2577,9.6154,0.0
2006-06-30,000851.SZ,5.51,5.58,5.3,5.37,-1.32,126427.44,68109.5119,1.4035,1.3596,104.3594,-16.2011,0.0
2006-06-30,000852.SZ,13.05,13.25,12.91,12.98,0.03,11707.48,15248.1638,0.9301,1.3089,44.693,20.0,3.0817
2006-06-30,000858.SZ,15.2,15.27,14.31,14.54,-0.55,273377.94,402637.101,0.2494,2.2462,42.6391,37.2727,0.0
2006-06-30,000859.SZ,2.8,2.82,2.69,2.76,-0.02,89274.15,24500.0716,0.9156,0.7807,108.8238,140.0,0.0
2006-06-30,000860.SZ,5.05,5.14,4.81,4.86,-0.19,89308.46,44315.3467,0.836,1.2166,20.8973,7.1818,0.8573
2006-06-30,000863.SZ,1.9,1.94,1.85,1.89,-0.02,9028.77,1704.0493,,0.6081,,12.1951,0.0
2006-06-30,000869.SZ,38.68,38.78,37.5,37.61,-1.19,7681.69,29122.9732,0.3784,2.8675,56.0819,11.7647,0.1903
2006-06-30,000875.SZ,4.08,4.08,3.86,3.94,0.23,312832.72,124310.9732,0.1097,2.2232,,240.8451,3.2173
2006-06-30,000877.SZ,4.68,4.9,4.62,4.79,0.13,45852.37,22064.9991,3.1087,0.8796,42.2643,147.5071,0.0
2006-06-30,000878.SZ,10.0,10.45,9.84,9.88,0.21,256425.37,258945.5932,3.7854,1.0921,13.5586,226.738,1.0121
2006-06-30,000881.SZ,3.37,3.38,3.28,3.34,-0.01,32133.28,10669.2622,2.6557,1.1892,22.5002,-25.0,2.994
2006-06-30,000883.SZ,3.06,3.07,2.96,3.01,-0.03,49262.56,14794.8544,1.6136,1.1723,51.4354,4.3478,0.0
2006-06-30,000888.SZ,7.12,7.12,6.65,6.7,-0.19,41077.28,27883.9934,0.5472,0.8554,41.7591,1.4218,0.8292
2006-06-30,000889.SZ,2.7,2.75,2.68,2.71,0.05,73514.05,19936.0343,1.2948,1.0507,,-85.1852,0.0
2006-06-30,000890.SZ,3.6,3.62,3.51,3.55,-0.05,44421.06,15744.7342,2.0076,0.9719,45.915,7.7586,1.4085
2006-06-30,000897.SZ,5.12,5.49,5.01,5.4,0.28,447222.97,237486.4386,2.1721,1.7595,219.8528,83.3333,0.2296
2006-06-30,000898.SZ,6.03,6.14,5.91,6.12,0.12,381171.95,230771.9845,1.0087,0.8929,14.0997,35.9223,0.7329
2006-06-30,000899.SZ,3.4,3.48,3.3,3.33,0.01,38265.1,12878.2323,0.2428,2.8375,49.1304,21.3483,0.0
2006-06-30,000900.SZ,9.0,9.06,8.86,9.0,0.01,81476.77,72923.3581,1.0561,0.1806,18.7648,150.0,4.4444
2006-06-30,000901.SZ,5.97,6.05,5.65,5.69,-0.28,58020.02,33529.1479,0.7376,1.4765,,-596.0,0.0
2006-06-30,000902.SZ,4.56,4.56,4.33,4.35,-0.1,11366.1,4989.4476,1.5654,1.2026,,-1100.0,0.0
2006-06-30,000903.SZ,6.65,6.95,6.48,6.89,0.29,60479.81,40552.111,1.111,1.0292,24.8035,166.6667,3.6284
2006-06-30,000905.SZ,8.88,8.92,8.69,8.7,-0.19,17806.6,15608.2234,0.608,1.194,23.4507,9.5238,5.3539
2006-06-30,000906.SZ,5.23,5.23,4.94,5.1,-0.1,33890.06,17173.6537,2.5106,0.6934,383.1931,-1108.0,0.7003
2006-06-30,000908.SZ,3.32,3.33,3.15,3.19,-0.11,23148.4,7457.2162,1.489,0.8004,235.5183,50.0,0.0
2006-06-30,000909.SZ,5.09,5.09,4.79,4.85,-0.22,41605.44,20400.6076,1.4875,2.036,230.5011,-47.561,0.0
2006-06-30,000910.SZ,11.1,11.2,10.72,10.82,-0.18,22258.02,24106.2196,2.5968,0.8654,47.5091,66.3636,0.9242
2006-06-30,000911.SZ,12.33,12.5,11.96,12.1,-0.12,63363.01,77076.2795,1.2563,0.5212,15.7587,3300.0,3.124
2006-06-30,000912.SZ,7.33,7.37,7.13,7.16,-0.13,74928.3,54055.9093,0.8136,1.3923,8.5037,3.5294,4.4693
2006-06-30,000917.SZ,11.21,11.49,10.79,10.85,-0.36,37824.23,41472.5889,1.5205,1.2376,553.4481,-50.0,0.0
2006-06-30,000919.SZ,7.85,7.88,7.67,7.81,0.01,29059.56,22577.0455,0.219,3.7398,15.5959,22.5011,2.5608
2006-06-30,000925.SZ,4.47,4.51,4.42,4.5,0.04,5920.7,2648.4441,,1.5308,,59.5946,0.0
2006-06-30,000926.SZ,8.82,8.95,8.63,8.77,-0.05,23097.31,20234.4895,2.8158,1.9901,12.6197,-33.1742,2.963
2006-06-30,000927.SZ,6.87,6.93,6.5,6.52,0.0,114528.26,75778.2948,1.3945,1.0283,27.2734,207.5,0.0
2006-06-30,000929.SZ,5.0,5.14,4.96,5.07,0.11,33505.33,16942.0224,1.1009,1.0324,51.3352,36.5188,0.0
2006-06-30,000931.SZ,4.68,4.71,4.42,4.55,-0.12,55453.6,25362.0253,6.894,1.0497,,-187.8472,0.0
2006-06-30,000932.SZ,3.93,3.97,3.81,3.84,-0.09,233143.32,90174.5298,2.0352,0.5156,29.365,-57.5767,2.0937
2006-06-30,000933.SZ,9.38,10.1,9.33,9.82,0.47,219682.78,212596.2366,1.0572,0.5456,11.2617,-57.1145,7.6375
2006-06-30,000936.SZ,3.76,4.15,3.76,3.89,0.05,233078.32,92093.0845,1.7216,1.2384,32.8987,-1.1419,2.3286
2006-06-30,000937.SZ,6.15,6.24,6.05,6.22,0.13,195425.07,120292.7167,0.3514,1.1676,10.5785,-56.9186,4.6247
2006-06-30,000938.SZ,8.66,8.95,8.65,8.89,0.23,33420.52,29360.4395,1.5962,1.6005,,-41.1765,0.7874
2006-06-30,000949.SZ,2.52,2.58,2.46,2.48,-0.02,99461.94,24834.9777,1.4789,0.5055,325.3101,113.3929,4.0323
2006-06-30,000950.SZ,6.18,6.19,5.94,6.06,-0.04,15111.67,9134.0565,1.1937,2.158,,352.8777,0.0
2006-06-30,000951.SZ,13.91,14.49,13.75,14.18,0.27,14105.35,19862.0224,8.4451,1.0576,25.2392,0.0,0.0
2006-06-30,000952.SZ,6.63,7.26,6.63,7.26,0.66,84576.5,60201.6458,0.6414,1.4944,137.0175,93.75,0.0
2006-06-30,000953.SZ,3.69,3.69,3.56,3.6,-0.07,16272.59,5884.2525,1.5878,0.861,386.4356,-49.4382,0.0
2006-06-30,000958.SZ,3.21,3.3,3.15,3.18,-0.01,109258.95,34964.9813,1.7673,1.052,77.032,125.0,1.5723
2006-06-30,000959.SZ,3.0,3.01,2.93,2.96,-0.04,48346.29,14337.889,1.7528,1.8087,11.2479,-38.0952,13.5111
2006-06-30,000960.SZ,6.75,6.95,6.68,6.7,0.05,81653.24,55520.5089,1.2996,0.7804,17.8555,-82.541,2.9851
2006-06-30,000961.SZ,2.95,2.98,2.87,2.92,-0.03,30399.07,8846.6764,2.3043,0.6895,69.4306,0.0,0.6849
2006-06-30,000962.SZ,6.4,6.67,6.35,6.39,0.04,95018.58,61574.18,0.2126,5.0537,60.3156,13.8655,1.1737
2006-06-30,000965.SZ,4.84,4.87,4.68,4.72,-0.1,35255.56,16764.7657,0.9049,1.4249,,-7433.3333,0.0
2006-06-30,000966.SZ,5.25,5.41,5.2,5.32,0.1,22475.09,11858.0708,4.071,0.4933,,111.3766,6.4422
2006-06-30,000967.SZ,5.18,5.18,4.99,5.06,-0.04,6561.0,3317.5076,0.3227,2.5504,,144.523,0.0
2006-06-30,000968.SZ,4.92,5.0,4.84,4.9,-0.01,57303.5,28161.9083,0.9897,1.0556,18.8611,-82.0385,0.2041
2006-06-30,000969.SZ,9.64,9.75,9.34,9.38,-0.24,61505.51,58071.4218,0.8233,1.5028,37.9236,-6.6667,1.2599
2006-06-30,000970.SZ,12.34,12.7,12.23,12.38,0.08,40796.95,50690.0488,0.8901,1.4315,39.6968,0.0,0.4847
2006-06-30,000971.SZ,3.27,3.29,3.19,3.2,-0.06,24355.9,7850.9971,1.0967,1.5432,56.1772,-2100.0,0.0
2006-06-30,000972.SZ,9.25,9.86,9.15,9.67,0.3,22875.45,21840.0891,2.7341,0.7695,26.203,-7.6923,1.0341
2006-06-30,000973.SZ,2.53,2.66,2.48,2.61,0.1,356445.2,91898.7809,1.8226,0.7004,,-94.2857,3.5249
2006-06-30,000976.SZ,2.3,2.35,2.27,2.29,-0.03,130883.34,30148.6805,0.977,0.7882,,115.7143,0.0
2006-06-30,000977.SZ,5.95,5.97,5.73,5.73,-0.22,27091.93,15720.8596,0.3019,2.6735,149.8957,-33.3333,0.0
2006-06-30,000978.SZ,9.15,9.25,8.66,9.13,0.06,15319.42,13817.7525,0.817,0.4442,42.0475,45.2778,1.7525
2006-06-30,000980.SZ,3.32,3.32,3.17,3.2,-0.12,26717.33,8615.0014,0.6673,1.3603,44.409,66.6667,0.0
2006-06-30,000981.SZ,6.52,6.56,6.31,6.39,-0.1,8195.42,5243.262,0.8743,1.6715,79.2082,-206.5217,0.0
2006-06-30,000983.SZ,8.0,8.17,7.83,8.07,0.17,330220.71,264759.0949,0.9924,1.4375,9.9221,5.0,2.4783
2006-06-30,000985.SZ,11.5,11.59,11.12,11.36,0.19,12717.87,14394.8445,0.1203,3.5605,212.6535,-37.1901,0.0
2006-06-30,000987.SZ,11.19,11.48,10.91,11.18,0.0,28085.49,31182.7476,0.6116,1.7587,25.647,32.5758,1.0733
2006-06-30,000988.SZ,6.52,6.6,6.42,6.54,0.09,40039.83,26016.9487,0.8055,1.6086,55.5283,-16.25,0.6116
2006-06-30,000989.SZ,5.08,5.1,4.98,5.07,0.01,42667.57,21526.2726,0.1695,4.7148,83.1483,-32.0755,5.9172
2006-06-30,000990.SZ,5.24,5.3,5.09,5.11,-0.13,60053.29,31040.0876,0.9901,1.0724,25.6454,-44.4444,0.8698
2006-06-30,000993.SZ,5.34,5.34,5.34,5.34,0.25,3411.52,1821.7517,0.5664,0.8452,28.3059,-30.0,0.0
2006-06-30,000997.SZ,8.72,8.98,8.51,8.54,-0.28,33346.11,28987.093,0.3301,3.9046,58.176,-27.2727,0.9007
2006-06-30,000998.SZ,9.15,9.18,8.47,8.54,-0.61,71754.25,62505.5437,0.8374,1.985,43.5139,-17.6471,1.171
2006-06-30,000999.SZ,5.6,5.67,5.5,5.57,0.07,58476.58,32503.5287,1.8012,1.2519,51.9268,33.3333,0.0
2006-06-30,001696.SZ,4.99,5.05,4.85,4.9,-0.07,44751.89,22058.4391,1.3412,0.9611,10.9144,30.1301,0.7849
2006-06-30,001872.SZ,13.8,13.85,13.67,13.79,0.03,30136.47,41536.7755,0.5124,0.3836,15.8979,-30.5439,0.6536
2006-06-30,001896.SZ,4.0,4.2,4.0,4.07,0.07,22414.96,9107.2422,0.4984,0.5564,28.6908,73.5,0.0
2006-06-30,001914.SZ,7.95,8.05,7.72,7.91,-0.04,14272.27,11202.2073,2.1604,1.1835,21.5637,177.7778,1.2642
2006-06-30,002001.SZ,6.28,6.46,6.25,6.31,0.06,78509.92,49687.1055,1.9282,0.7734,35.4535,-50.0,1.5848
2006-06-30,002003.SZ,10.38,10.49,10.16,10.18,-0.15,21558.37,22168.224,1.2829,1.0618,20.7152,63.7427,1.9646
2006-06-30,002004.SZ,7.7,7.75,7.48,7.59,-0.11,20866.7,15833.1584,0.0813,5.8783,18.632,-14.2857,0.0
2006-06-30,002005.SZ,8.7,8.88,8.47,8.51,-0.18,11944.42,10231.1863,1.5087,1.1113,32.6724,49.4585,11.7509
2006-06-30,002006.SZ,6.17,6.23,6.0,6.09,-0.04,23652.67,14354.4781,1.4784,0.9236,35.1536,-46.6667,3.4209
2006-06-30,002007.SZ,22.2,22.55,21.65,22.0,0.07,9394.35,20867.9054,0.3578,2.3901,36.4095,76.7544,1.2121
2006-06-30,002008.SZ,15.65,15.74,15.03,15.1,-0.49,34334.25,52500.6769,0.9452,1.7896,57.2067,-15.1436,0.5887
2006-06-30,002009.SZ,9.49,9.78,9.22,9.54,0.04,32541.5,30764.011,0.6856,2.0432,31.9004,-44.0,0.6551
2006-06-30,002010.SZ,9.98,10.05,9.74,9.8,-0.16,18363.3,18059.8419,0.2576,3.5981,15.9321,-30.0,2.0408
2006-06-30,002011.SZ,7.22,7.28,7.03,7.11,-0.11,17683.65,12653.392,0.6062,1.5041,25.1331,-61.5385,3.5162
2006-06-30,002012.SZ,5.3,5.35,5.15,5.16,-0.18,31888.35,16621.3928,1.3988,0.7636,70.5612,-68.5393,3.23
2006-06-30,002014.SZ,8.3,8.35,8.04,8.1,-0.18,11342.82,9228.3573,0.3725,1.7394,16.3553,9.0909,3.7037
2006-06-30,002015.SZ,16.0,16.1,15.5,15.59,-0.38,17391.66,27321.1091,1.4092,1.0814,29.2325,10.396,0.6414
2006-06-30,002016.SZ,6.0,6.08,5.77,5.8,-0.2,20951.23,12301.6417,0.2466,3.3491,63.9453,-50.0,4.5017
2006-06-30,002017.SZ,8.33,8.35,8.01,8.06,-0.24,20059.37,16301.8784,0.3783,2.7627,418.1578,-45.6716,2.386
2006-06-30,002019.SZ,9.44,9.5,9.16,9.25,-0.15,6690.07,6221.5465,0.6753,0.9589,36.155,-67.2,1.6632
2006-06-30,002020.SZ,6.81,6.87,6.67,6.71,-0.12,15368.25,10342.5219,1.4142,0.741,36.7954,-44.9074,1.9871
2006-06-30,002021.SZ,7.25,7.74,7.24,7.61,0.39,79573.53,59680.0928,1.4625,1.2622,21.8002,0.0,1.8953
2006-06-30,002022.SZ,13.51,13.51,13.05,13.17,-0.32,14463.83,19161.487,0.2262,3.4427,30.6558,-18.75,2.6054
2006-06-30,002023.SZ,12.9,13.04,12.36,12.42,-0.41,24307.87,30649.1347,0.1155,5.4343,36.627,0.0,1.0735
2006-06-30,002024.SZ,51.3,52.5,50.83,51.2,-0.1,8032.05,41339.804,1.6705,1.489,49.9134,16.6667,0.0505
2006-06-30,002025.SZ,26.3,26.4,25.4,25.53,-0.77,16560.7,42660.2527,0.2052,6.5931,28.2002,-16.3265,0.2176
2006-06-30,002026.SZ,5.96,6.15,5.87,6.12,0.18,56030.62,33568.5728,0.2716,3.5027,24.6692,-51.25,1.0893
2006-06-30,002027.SZ,7.31,7.38,7.12,7.12,-0.21,29259.09,21030.5208,0.8581,1.7237,25.093,-18.75,1.0404
2006-06-30,002028.SZ,21.9,22.18,21.52,21.72,-0.08,3384.78,7362.3415,0.6567,1.89,26.541,33.3333,0.9208
2006-06-30,002029.SZ,11.8,12.01,11.63,11.67,-0.12,8912.04,10515.8842,0.3735,2.4017,33.3774,-24.0,0.9887
2006-06-30,002030.SZ,8.73,8.85,8.59,8.62,-0.09,13883.2,12063.9837,0.215,5.374,40.2597,-18.1818,1.1601
2006-06-30,002031.SZ,7.79,7.86,7.53,7.72,0.0,41416.71,31928.0806,0.5565,1.127,24.449,33.3333,1.4946
2006-06-30,002032.SZ,13.65,13.65,13.02,13.11,-0.45,15577.59,20629.3134,0.9374,1.3085,29.6218,41.1765,1.1735
2006-06-30,002033.SZ,11.35,11.5,11.08,11.18,-0.17,14846.88,16644.3662,0.1347,6.0923,27.8475,31.25,2.9517
2006-06-30,002034.SZ,6.99,7.0,6.82,6.86,-0.08,9305.85,6393.486,1.0565,0.9897,19.3666,-7.6923,2.4295
2006-06-30,002035.SZ,5.49,5.5,5.3,5.38,-0.06,44765.61,24018.6627,1.2418,1.1945,21.1507,-55.5556,4.4256
2006-06-30,002036.SZ,8.34,8.35,7.95,8.15,-0.15,30967.03,25110.9742,0.2333,2.8108,38.3666,33.3333,1.3633
2006-06-30,002037.SZ,8.38,8.4,7.81,7.81,-0.49,33522.43,26800.6618,0.4421,1.9958,24.0994,7.6923,4.4814
2006-06-30,002038.SZ,14.3,14.67,14.0,14.06,-0.19,6971.6,9982.7843,0.0757,13.0328,31.9305,32.9947,1.1854
2006-06-30,002039.SZ,8.09,8.18,7.88,8.0,0.16,24879.8,19916.8103,3.8201,0.5009,23.0177,-183.6607,1.5625
2006-06-30,002040.SZ,6.14,6.15,5.98,6.05,-0.08,59021.63,35677.4209,0.0617,7.0016,26.1505,-55.3219,4.1322
2006-06-30,002041.SZ,19.72,19.73,18.38,18.7,-1.05,59338.25,112171.4837,0.1874,4.6202,44.6311,-81.6901,0.3342
2006-06-30,002042.SZ,3.68,3.69,3.56,3.56,-0.11,22281.75,8074.2317,1.0076,0.9002,,-119.0,0.0
2006-06-30,002043.SZ,5.5,5.52,5.33,5.39,-0.09,20117.54,10848.64,0.7719,1.43,21.783,-21.25,0.0
2006-06-30,002044.SZ,4.96,4.99,4.8,4.9,-0.04,33242.67,16169.4695,0.398,2.2891,26.9839,51.5152,4.0816
2006-06-30,002045.SZ,8.95,8.98,8.61,8.67,-0.23,32755.5,28586.2431,0.7551,1.2877,30.802,-48.5714,2.5231
2006-06-30,002046.SZ,15.98,16.24,15.48,15.72,-0.21,12940.79,20383.2431,0.1787,5.0515,47.0741,-26.6667,0.0
2006-06-30,002047.SZ,5.96,6.01,5.9,5.97,0.04,41937.15,24971.5898,0.5206,2.4961,25.0933,-45.4545,0.0
2006-06-30,002048.SZ,18.58,18.7,17.85,18.03,-0.53,6359.06,11471.9065,1.6448,0.9587,103.0859,167.1233,0.0
2006-06-30,002049.SZ,10.0,10.05,9.5,9.6,-0.41,21102.94,20441.1979,0.4975,1.4664,51.7744,17.7527,0.0
2006-06-30,002050.SZ,8.18,8.18,7.89,7.96,-0.16,17537.18,14033.5799,0.8665,1.6906,20.0938,-20.0834,0.0
2006-06-30,002051.SZ,18.06,18.06,17.4,17.52,-0.43,75884.0,133742.928,1.1972,1.6764,46.9601,,
2006-06-30,002052.SZ,41.28,41.5,40.02,40.79,-0.81,18387.59,74971.2526,0.653,2.2823,57.9463,,
2006-06-30,002053.SZ,13.59,13.61,13.11,13.2,-0.39,87327.1,116353.1219,0.8924,0.6755,24.7896,,
2006-06-30,600000.SH,9.95,10.04,9.85,9.91,0.03,128073.7,127079.246,35.9284,,14.7277,44.6809,1.2109
2006-06-30,600004.SH,6.91,6.95,6.84,6.87,-0.04,72674.0,50169.526,0.8853,0.7109,26.3476,0.0,3.639
2006-06-30,600006.SH,3.94,3.97,3.87,3.9,-0.05,56573.68,22100.505,1.0496,1.4096,22.4582,-23.7966,6.4103
2006-06-30,600007.SH,6.6,6.63,6.45,6.5,-0.16,95069.59,62127.454,1.2578,0.402,20.858,-11.7647,3.0
2006-06-30,600008.SH,5.06,5.09,4.88,4.89,-0.15,169864.31,84027.037,0.6508,1.0963,22.5855,-62.6737,1.227
2006-06-30,600009.SH,14.29,14.58,14.13,14.41,0.29,159774.09,229232.016,0.1386,1.2112,19.6711,14.7059,0.694
2006-06-30,600010.SH,2.55,2.57,2.5,2.55,0.02,697729.39,176511.989,0.9057,1.1658,10.3948,-82.7586,3.3056
2006-06-30,600011.SH,5.11,5.2,4.99,5.03,0.04,406706.5,206581.385,1.3185,0.4501,11.9661,23.0769,0.2761
2006-06-30,600012.SH,5.46,5.49,5.35,5.4,-0.02,68652.43,37156.28,0.5726,0.2434,12.8655,24.0127,0.3972
2006-06-30,600015.SH,4.42,4.53,4.39,4.51,0.1,608505.11,271016.731,35.4614,,14.012,18.1878,2.2173
2006-06-30,600016.SH,4.35,4.42,4.31,4.37,0.03,743692.87,325175.783,36.6635,,15.5844,-15.0,0.817
2006-06-30,600019.SH,4.43,4.49,4.36,4.36,-0.06,531684.82,234573.035,0.828,0.9274,6.9636,-50.0,7.3394
2006-06-30,600020.SH,4.18,4.23,4.13,4.15,0.0,163678.82,68188.349,1.1292,1.5238,12.1203,-34.5046,2.4096
2006-06-30,600021.SH,4.75,4.82,4.6,4.61,0.02,121530.55,56858.798,1.1401,0.4807,16.0229,5.2316,4.5553
2006-06-30,600022.SH,4.31,4.37,4.2,4.23,-0.08,92945.61,39521.809,2.3418,0.8189,8.9404,-58.4416,9.8503
2006-06-30,600026.SH,6.38,6.41,6.33,6.38,0.03,129666.89,82550.222,0.3253,0.6345,8.1122,-19.222,0.4054
2006-06-30,600028.SH,6.21,6.38,6.2,6.25,0.06,510535.2,320957.545,1.2881,0.762,13.6551,14.9038,1.92
2006-06-30,600029.SH,2.78,2.82,2.74,2.74,-0.05,443751.3,122955.58,5.6717,0.2594,,0.0,0.0
2006-06-30,600030.SH,16.1,16.29,15.56,15.84,-0.16,109276.57,173729.147,3.0758,,97.1667,837.037,0.2627
2006-06-30,600031.SH,13.8,14.6,13.38,14.39,0.59,59063.27,82834.88,1.0351,1.5615,31.1892,53.4954,0.6949
2006-06-30,600036.SH,7.71,7.88,7.62,7.71,0.0,802515.04,622563.795,24.1755,,22.6019,21.0526,0.7957
2006-06-30,600037.SH,15.08,15.19,14.71,14.74,-0.32,36579.02,54624.976,0.2585,2.991,34.8544,-30.2674,0.5405
2006-06-30,600039.SH,5.15,5.19,4.69,4.8,-0.35,101826.76,49558.662,2.3253,1.2539,86.7753,110.0,0.0
2006-06-30,600050.SH,2.44,2.47,2.42,2.42,-0.01,1689076.68,412727.631,0.7962,0.3132,16.7254,19.6923,1.343
2006-06-30,600051.SH,4.38,4.5,4.32,4.43,0.06,41465.26,18380.103,3.2646,1.3451,29.6925,101.6129,2.2573
2006-06-30,600052.SH,4.0,4.02,3.91,3.94,0.03,46274.1,18323.917,2.7717,1.2209,,-450.0,0.0
2006-06-30,600054.SH,11.9,11.9,11.5,11.58,-0.39,15282.03,17769.715,0.4247,1.8462,45.6971,82.26,0.2258
2006-06-30,600055.SH,4.77,4.86,4.69,4.72,-0.07,19209.6,9155.635,0.9324,1.3325,38.0052,5.7143,1.6949
2006-06-30,600056.SH,6.49,6.57,6.42,6.55,-0.02,24672.96,15942.797,1.5767,1.3653,21.5629,-16.4054,0.0
2006-06-30,600057.SH,4.05,4.09,3.86,3.93,-0.12,125380.49,49391.121,4.5376,0.9375,,115.3846,0.0
2006-06-30,600058.SH,8.79,9.3,8.71,8.72,0.01,64193.08,56876.569,7.8194,1.0745,30.7822,-29.5973,2.2936
2006-06-30,600059.SH,9.23,9.25,8.74,8.95,-0.27,68436.72,61302.063,0.9277,1.1644,97.8634,-44.1176,2.2346
2006-06-30,600060.SH,6.46,6.5,6.32,6.37,-0.09,43266.96,27636.855,0.8144,1.8698,28.176,57.1429,1.5699
2006-06-30,600062.SH,6.74,6.78,6.58,6.59,-0.14,32759.45,21749.864,0.7388,1.3565,14.6261,-42.9893,0.0
2006-06-30,600063.SH,3.88,3.9,3.73,3.76,-0.09,37613.51,14237.962,1.9292,0.4857,46.3088,47.4576,2.1277
2006-06-30,600064.SH,6.8,6.84,6.62,6.74,-0.02,50441.82,33935.013,1.5992,0.9226,23.9139,-11.2245,2.9674
2006-06-30,600066.SH,8.33,8.48,8.24,8.3,0.02,50031.65,41711.54,1.3558,1.3709,17.2608,-24.0,3.2097
2006-06-30,600067.SH,5.72,5.78,5.6,5.72,0.02,52929.91,30091.373,3.6845,1.324,18.9334,-10.0,0.7284
2006-06-30,600070.SH,4.0,4.14,3.96,4.11,0.11,70787.96,28761.828,0.6937,0.9243,44.9433,-12.5,1.7765
2006-06-30,600071.SH,3.78,3.82,3.7,3.71,-0.07,28467.62,10662.324,0.6224,1.5007,28.1443,75.0,0.0
2006-06-30,600072.SH,4.83,5.11,4.71,5.02,0.21,166683.94,82061.771,0.3594,2.1478,179.1922,33.3333,0.0
2006-06-30,600073.SH,7.25,7.4,7.0,7.06,-0.07,71093.96,51039.035,0.7644,1.244,345.7496,-19.3548,0.0
2006-06-30,600075.SH,13.92,13.94,13.12,13.43,-0.5,32643.75,43998.634,1.8572,1.0911,17.4574,51.6129,0.0
2006-06-30,600078.SH,5.19,5.3,5.13,5.29,0.06,51588.42,26934.877,1.9117,0.7728,49.2612,-15.9574,0.0
2006-06-30,600079.SH,5.79,5.83,5.52,5.67,0.0,85305.87,48281.694,1.4018,0.9908,21.9907,455.5556,0.3527
2006-06-30,600080.SH,2.42,2.44,2.35,2.38,-0.04,62545.07,14948.373,1.587,0.4088,,-288.3495,0.0
2006-06-30,600081.SH,4.1,4.1,3.9,4.01,-0.04,22376.39,8933.089,1.7889,0.8041,,-200.0,14.9626
2006-06-30,600082.SH,5.44,5.95,5.25,5.95,0.54,191349.64,109584.546,0.9735,2.5868,34.0335,36.7647,0.4202
2006-06-30,600083.SH,2.55,2.61,2.51,2.57,0.08,18385.68,4757.246,,0.5182,,-156.8421,0.0
2006-06-30,600084.SH,4.5,4.75,4.47,4.49,-0.01,102685.89,47272.836,8.4981,0.8221,,-180.0,0.0
2006-06-30,600085.SH,16.55,16.6,16.21,16.37,-0.16,44781.21,73203.793,0.3454,2.7005,24.2033,-21.5352,1.2727
2006-06-30,600094.SH,5.67,5.95,5.18,5.18,-0.57,45178.32,23834.92,2.7047,0.4316,,-1131.4286,0.0
2006-06-30,600096.SH,9.48,9.69,9.47,9.57,0.1,76610.29,73400.631,1.1533,1.38,7.5209,-0.9105,3.9901
2006-06-30,600098.SH,4.75,4.79,4.6,4.6,-0.05,117177.03,54543.198,0.282,3.0057,14.8318,5.7246,2.8986
2006-06-30,600099.SH,4.65,4.7,4.49,4.55,-0.09,29062.93,13241.866,0.2067,3.9416,103.4756,101.0471,2.6403
2006-06-30,600100.SH,9.24,9.4,9.07,9.15,-0.07,54246.37,49936.751,1.7937,1.1698,48.1646,12.2137,1.0929
2006-06-30,600101.SH,5.69,5.78,5.54,5.68,0.1,39140.95,22130.587,1.2176,0.6382,,-28.346,0.4841
2006-06-30,600103.SH,3.12,3.13,3.04,3.05,-0.06,55700.0,17087.687,0.3866,2.4854,94.7291,-33.1776,0.5187
2006-06-30,600104.SH,5.98,6.1,5.8,5.86,-0.15,215178.65,127762.824,0.2974,1.9844,16.3254,,4.2662
2006-06-30,600105.SH,4.5,4.54,4.36,4.5,-0.08,90725.2,40381.3,1.5955,1.3455,50.3864,143.8356,2.2222
2006-06-30,600106.SH,4.29,4.3,4.21,4.21,-0.08,16830.0,7140.98,1.7419,1.0238,17.4392,8.3668,2.3753
2006-06-30,600107.SH,3.42,3.44,3.29,3.33,-0.12,33816.57,11327.468,1.072,1.4618,179.2375,8.1081,0.0
2006-06-30,600108.SH,2.15,2.25,2.13,2.23,0.09,1036971.97,226145.125,0.6826,0.8868,564.9034,-57.1429,0.0
2006-06-30,600109.SH,6.24,6.55,6.24,6.43,0.19,7120.83,4541.992,1.2306,1.0642,,-1428.5714,2.0071
2006-06-30,600111.SH,7.1,7.38,7.06,7.09,-0.01,73533.43,52699.546,0.7296,1.0653,202.8824,,0.0
2006-06-30,600112.SH,4.58,4.59,4.4,4.44,-0.14,14428.95,6495.972,0.6017,1.7542,43.55,-48.4146,0.0
2006-06-30,600113.SH,5.15,5.25,4.94,5.0,-0.13,26395.84,13408.783,0.2595,1.5944,42.0979,27.4194,2.0
2006-06-30,600114.SH,5.48,5.59,5.37,5.38,-0.1,50057.45,27372.565,0.6426,0.9321,26.5228,-58.0952,2.7334
2006-06-30,600115.SH,2.9,2.9,2.86,2.87,-0.02,79164.7,22815.119,10.6491,0.2923,,-256.2278,0.6969
2006-06-30,600116.SH,5.87,6.02,5.87,5.94,0.13,17271.71,10287.1,1.2822,0.8159,35.3152,-66.6667,0.0
2006-06-30,600117.SH,5.38,5.43,5.05,5.09,-0.24,83587.75,43150.796,2.1874,0.5827,21.2609,40.5631,0.0
2006-06-30,600118.SH,17.05,17.17,16.2,16.5,-0.52,17308.7,28865.299,1.8341,1.3406,164.2127,429.4118,0.0
2006-06-30,600119.SH,3.48,3.63,3.45,3.47,0.04,40660.14,14309.187,0.7626,1.1727,82.3003,51.049,0.0
2006-06-30,600120.SH,3.18,3.2,3.08,3.14,-0.02,83083.03,26011.112,1.1581,1.4762,16.927,7.6667,3.1847
2006-06-30,600121.SH,4.5,4.54,4.39,4.43,0.02,100996.58,44966.892,0.6706,0.8915,13.6868,17.0,2.9063
2006-06-30,600123.SH,12.46,13.13,12.4,13.0,0.63,129806.6,166734.08,0.9454,1.4114,10.4683,44.1561,1.5385
2006-06-30,600125.SH,7.68,7.74,7.48,7.55,-0.07,71864.19,54449.383,0.8248,0.988,37.2493,51.1811,0.191
2006-06-30,600126.SH,3.94,4.01,3.89,3.91,-0.03,33870.55,13327.711,1.4941,1.0646,22.0393,-38.4615,7.6726
2006-06-30,600128.SH,3.73,3.76,3.63,3.69,-0.02,15664.31,5773.917,1.0065,1.2308,27.5708,0.7426,2.71
2006-06-30,600129.SH,5.7,5.7,5.53,5.6,0.0,43971.78,24584.066,2.0287,0.6928,27.5332,-1.105,0.0
2006-06-30,600130.SH,5.46,5.59,5.33,5.39,-0.06,126879.82,69198.883,1.5539,1.2836,,128.5714,2.7829
2006-06-30,600131.SH,5.28,5.35,5.09,5.1,-0.03,34447.36,17805.888,1.5485,0.5497,64.757,33.3333,0.0
2006-06-30,600133.SH,7.7,7.74,7.45,7.54,-0.18,23128.18,17499.451,0.6733,1.4406,746.8908,-71.9298,2.1966
2006-06-30,600135.SH,4.7,4.97,4.59,4.76,0.06,87743.67,42318.366,0.1278,4.7618,80.4022,-9.6267,12.545
2006-06-30,600137.SH,5.2,5.36,5.1,5.36,0.26,5145.12,2710.125,,0.037,,2.5974,0.0
2006-06-30,600138.SH,7.5,7.84,7.44,7.65,0.18,72710.36,55693.344,1.2029,1.6041,29.1782,47.9036,2.3529
2006-06-30,600141.SH,5.78,5.85,5.59,5.62,-0.18,13680.55,7799.205,3.4666,0.7361,26.4031,40.0,0.8897
2006-06-30,600143.SH,19.82,20.53,19.4,19.62,-0.31,8691.85,17205.573,1.433,1.4622,35.7287,-7.3171,0.7624
2006-06-30,600149.SH,3.89,3.92,3.79,3.83,-0.05,31329.94,12003.503,0.22,2.8206,,-400.0,0.0
2006-06-30,600150.SH,21.0,22.3,20.95,22.07,1.27,24935.77,54465.67,2.0142,1.2851,31.2544,99.0909,0.5437
2006-06-30,600151.SH,14.44,14.7,14.09,14.19,-0.24,61568.43,87980.604,0.6728,1.9426,81.6579,392.8571,1.0571
2006-06-30,600152.SH,3.4,3.47,3.38,3.45,0.06,59878.42,20506.677,1.2567,0.8187,35.6726,3.1332,1.7391
2006-06-30,600153.SH,5.08,5.11,5.0,5.04,-0.02,54588.83,27507.412,2.3973,1.157,13.2747,55.0,6.9444
2006-06-30,600155.SH,2.8,2.87,2.78,2.81,0.01,43587.21,12303.493,2.3538,0.7696,,-282.2076,1.0676
2006-06-30,600156.SH,3.18,3.26,3.08,3.14,-0.01,171692.12,54107.214,0.3732,2.4732,,104.5217,0.0
2006-06-30,600157.SH,7.6,7.88,7.48,7.52,0.24,33087.44,25231.433,1.6479,1.2687,148.2612,-35.7143,0.0
2006-06-30,600158.SH,10.7,10.84,10.48,10.56,-0.09,13108.6,13946.995,1.7131,1.3983,85.5167,6.4171,0.4106
2006-06-30,600159.SH,3.45,3.54,3.36,3.45,-0.02,20892.62,7189.854,2.7973,1.2548,53.685,263.1579,0.0
2006-06-30,600160.SH,6.15,6.18,5.93,6.01,-0.13,107711.47,64909.474,1.4262,0.6847,17.112,-10.0,2.4958
2006-06-30,600161.SH,14.45,14.98,14.45,14.55,0.13,17620.12,25903.663,0.3336,3.5275,61.9303,58.7549,0.8247
2006-06-30,600162.SH,5.16,5.28,5.03,5.21,0.13,86522.34,44674.248,2.8533,1.1954,,-91.6667,0.0
2006-06-30,600163.SH,3.62,3.65,3.55,3.62,0.0,35475.88,12764.954,1.3206,0.791,96.5896,0.0,0.0
2006-06-30,600165.SH,3.17,3.18,3.06,3.08,-0.1,26647.28,8283.875,1.4598,0.8491,,-33.3333,0.0
2006-06-30,600166.SH,2.85,2.88,2.57,2.6,-0.25,441756.48,119928.579,3.1675,0.735,,-218.0723,2.1648
2006-06-30,600167.SH,5.23,5.4,5.16,5.23,-0.01,21667.65,11375.879,0.6917,0.4778,,-35.4839,0.0
2006-06-30,600168.SH,3.79,3.83,3.7,3.73,-0.06,34717.8,12989.765,0.3948,5.016,33.8224,250.0,1.6086
2006-06-30,600169.SH,5.68,6.1,5.53,5.92,0.24,204313.08,118823.741,3.0525,1.0984,57.7237,217.9012,0.0
2006-06-30,600170.SH,4.42,4.45,4.34,4.36,-0.05,44785.31,19605.976,2.286,1.098,13.2696,16.6667,4.0138
2006-06-30,600171.SH,5.63,5.67,5.49,5.51,-0.11,61238.52,34122.402,0.1407,6.0611,130.9694,-39.4737,0.726
2006-06-30,600172.SH,5.58,5.58,5.25,5.29,-0.2,46405.78,24842.768,0.9213,1.0274,19.6002,5.3846,1.1342
2006-06-30,600173.SH,2.22,2.22,2.16,2.17,-0.03,23134.19,5036.278,1.3874,0.7796,,-5.5838,0.0
2006-06-30,600177.SH,6.48,6.5,6.25,6.31,-0.14,161129.82,102335.628,1.434,1.0525,19.4389,23.4637,2.4175
2006-06-30,600179.SH,3.41,3.69,3.41,3.64,0.28,225603.99,80045.136,1.1123,0.5987,97.5601,-33.3333,0.0
2006-06-30,600180.SH,4.83,4.88,4.66,4.7,-0.13,42224.52,20042.361,1.0341,1.2107,62.4454,-31.25,4.2553
2006-06-30,600182.SH,4.58,4.58,4.34,4.36,-0.14,54220.02,23913.328,2.7922,0.9995,36.3748,-97.7827,0.0
2006-06-30,600183.SH,11.13,11.33,10.89,10.96,-0.18,85956.17,95158.322,1.0168,1.3032,23.5764,231.8571,1.7336
2006-06-30,600185.SH,3.17,3.22,3.08,3.11,-0.06,21119.09,6613.509,1.4007,1.8635,72.9249,-21.6667,0.0
2006-06-30,600188.SH,7.35,7.43,7.18,7.3,0.06,132632.67,96867.301,0.2565,2.7714,15.711,-50.0,0.2166
2006-06-30,600189.SH,5.01,5.09,4.91,5.01,0.01,62456.74,31166.389,0.6782,1.1346,21.7474,-47.5,5.988
2006-06-30,600191.SH,5.43,5.53,5.28,5.4,-0.03,49076.14,26476.598,0.3917,1.4626,64.9345,-46.1538,0.0
2006-06-30,600193.SH,3.62,3.62,3.48,3.5,-0.04,11832.79,4183.35,1.6654,0.9567,,-285.7143,0.0
2006-06-30,600195.SH,6.28,6.44,6.15,6.18,-0.11,18939.92,11872.905,0.8717,1.049,35.916,75.0,1.6181
2006-06-30,600196.SH,6.68,6.82,6.58,6.64,-0.1,206313.74,138140.265,0.8627,1.1663,34.865,-5.4795,2.1143
2006-06-30,600197.SH,6.52,6.52,6.52,6.52,0.59,35077.82,22870.739,0.2825,1.987,,0.0,6.3129
2006-06-30,600198.SH,8.68,8.74,8.45,8.53,-0.1,46234.13,39693.473,2.8982,1.1866,,117.0624,0.0
2006-06-30,600200.SH,8.04,8.32,8.02,8.31,0.26,44724.59,36718.526,1.3912,1.1198,108.6864,-48.2143,0.722
2006-06-30,600202.SH,12.1,12.36,11.71,12.17,0.06,40161.16,48159.946,1.6222,1.1739,30.6526,-13.4777,0.0
2006-06-30,600203.SH,4.5,4.5,4.32,4.35,-0.11,19595.0,8581.614,2.2364,0.9366,,-98.6667,0.0
2006-06-30,600207.SH,3.21,3.35,3.19,3.28,0.09,301345.27,98494.01,0.7174,1.2331,,-333.023,9.15
2006-06-30,600208.SH,3.11,3.26,3.05,3.21,0.1,42223.66,13297.269,2.4204,0.9555,32.437,-25.0,0.0
2006-06-30,600210.SH,2.68,2.7,2.61,2.63,-0.01,180343.83,47716.236,1.2497,0.7859,28.6671,-27.5714,2.8517
2006-06-30,600211.SH,11.35,11.82,11.21,11.7,0.4,15592.08,18075.442,1.0146,1.0291,,-43.125,
2006-06-30,600212.SH,2.83,3.06,2.83,2.98,0.2,554177.97,163147.591,0.5688,1.1704,110.5114,-25.0,0.0
2006-06-30,600215.SH,5.77,5.79,5.52,5.59,-0.15,64591.76,36195.386,0.9773,1.7926,59.44,3.2448,0.0
2006-06-30,600216.SH,5.39,5.45,5.27,5.39,0.03,84955.96,45351.399,2.3017,0.779,25.2818,33.75,0.0
2006-06-30,600218.SH,3.05,3.23,2.96,3.18,0.13,117433.66,36367.445,0.5229,1.7,83.6916,11.1111,0.0
2006-06-30,600219.SH,5.68,5.76,5.62,5.72,0.11,185335.55,105639.033,0.4902,0.8876,18.5134,-46.4286,0.9885
2006-06-30,600220.SH,5.6,5.94,5.56,5.71,0.22,667601.52,383659.172,0.4819,1.386,115.9022,500.0,0.0
2006-06-30,600222.SH,12.0,12.13,11.85,12.12,0.12,2833.81,3393.776,0.7206,1.3912,110.425,6.8182,0.0
2006-06-30,600223.SH,2.43,2.46,2.37,2.42,-0.01,48918.24,11778.263,1.956,0.4289,,-875.0,0.0
2006-06-30,600225.SH,2.74,2.76,2.62,2.63,-0.1,28146.85,7493.575,4.4251,0.7867,,-46.6667,0.0
2006-06-30,600226.SH,5.08,5.09,4.91,4.93,-0.15,35004.93,17418.612,0.8014,1.0085,18.5619,4.1667,2.4341
2006-06-30,600227.SH,8.74,8.78,8.6,8.62,-0.12,20717.31,17948.885,0.3881,2.1998,8.6247,-27.5908,2.3202
2006-06-30,600230.SH,6.09,6.13,5.85,5.89,-0.2,55850.3,33121.254,0.849,0.8306,9.1933,51.1571,1.6978
2006-06-30,600231.SH,3.74,3.75,3.65,3.7,-0.03,83411.15,30777.6,0.2414,3.7055,10.1257,-45.5556,6.7568
2006-06-30,600232.SH,6.05,6.15,5.86,6.08,0.04,35217.29,21187.635,0.8882,1.313,13.1538,-2.6316,1.6447
2006-06-30,600233.SH,3.56,3.58,3.48,3.52,-0.02,13415.02,4707.017,0.1611,3.514,20.7464,231.25,2.8409
2006-06-30,600235.SH,4.38,4.41,4.17,4.18,-0.19,102935.05,43770.822,1.5536,0.4772,52.8662,18.3306,2.8708
2006-06-30,600237.SH,4.07,4.08,3.91,3.98,-0.05,81354.75,32262.788,1.2939,0.8298,50.964,-54.5455,1.675
2006-06-30,600238.SH,5.69,5.76,5.41,5.5,-0.21,90148.76,49987.193,0.9266,1.5086,29.5394,20.875,0.9091
2006-06-30,600239.SH,4.57,4.57,4.28,4.32,-0.19,33308.9,14529.58,0.0323,24.0466,,-526.0,0.0
2006-06-30,600241.SH,6.0,6.04,5.83,5.91,-0.06,11257.88,6653.948,0.457,2.101,35.8097,-13.0,0.846
2006-06-30,600243.SH,6.03,6.07,5.67,5.81,-0.1,25655.22,14972.788,1.0508,1.5978,92.8015,-10.1796,0.0
2006-06-30,600246.SH,17.91,18.33,17.61,17.86,-0.17,959.0,1717.423,2.4099,1.292,38.889,-111.2607,2.5756
2006-06-30,600248.SH,3.5,3.52,3.33,3.38,-0.13,21195.16,7213.732,4.9164,0.3024,,1.9608,0.0
2006-06-30,600249.SH,9.92,10.08,9.42,9.45,-0.47,24359.96,23455.224,0.2332,3.5789,,2.2222,1.9048
2006-06-30,600250.SH,4.99,5.25,4.93,5.17,0.26,31857.23,16293.283,4.0678,1.0416,66.8648,-43.5,2.2532
2006-06-30,600251.SH,6.68,6.87,6.4,6.42,-0.09,171815.03,113985.319,1.0279,0.8641,,-41.6141,0.4673
2006-06-30,600252.SH,5.02,5.13,4.85,4.85,-0.15,20855.52,10300.83,3.0744,0.8921,,-63.9344,0.0
2006-06-30,600255.SH,8.88,9.11,8.88,9.0,0.2,34707.39,31261.785,1.4922,1.116,44.6913,223.0769,0.4274
2006-06-30,600256.SH,5.64,5.66,5.44,5.56,-0.05,134920.92,74523.14,1.3271,1.1615,22.8393,24.9584,0.0
2006-06-30,600257.SH,2.93,2.96,2.84,2.86,-0.07,62390.05,17956.253,0.8048,1.0444,36.196,-53.4483,0.3586
2006-06-30,600258.SH,10.83,10.9,10.39,10.42,-0.42,21576.68,22815.338,0.6734,0.3609,41.4373,54.6274,5.076
2006-06-30,600259.SH,2.06,2.18,2.05,2.1,0.02,40698.61,8749.846,22.0715,0.5272,,47.2973,0.0
2006-06-30,600261.SH,13.96,14.0,13.56,13.58,-0.38,7655.16,10507.955,0.7136,1.7271,23.6003,-1.2085,2.1478
2006-06-30,600262.SH,9.45,10.35,9.4,10.34,0.93,71391.22,71745.481,1.6661,1.3123,60.3406,-16.6667,0.7737
2006-06-30,600265.SH,6.93,7.03,6.74,6.91,-0.03,8843.0,6072.972,1.3689,0.7913,108.1018,-50.0,0.0
2006-06-30,600267.SH,6.61,6.65,6.4,6.48,-0.13,67603.96,43779.764,1.2488,0.778,26.6647,-45.6954,2.3148
2006-06-30,600268.SH,15.05,15.5,15.05,15.25,0.15,6051.34,9249.804,1.7443,1.4219,36.9041,51.9608,0.9836
2006-06-30,600269.SH,9.8,9.89,9.72,9.82,0.06,79597.27,77986.899,1.0602,0.2692,17.4949,59.0909,2.0367
2006-06-30,600271.SH,29.15,30.98,28.88,30.01,1.09,21276.02,63461.407,0.3391,3.5234,33.162,54.7619,0.7892
2006-06-30,600272.SH,4.44,4.45,4.28,4.34,-0.11,14398.51,6275.195,5.4459,0.4401,326.4689,-841.6667,0.0
2006-06-30,600273.SH,3.06,3.08,2.97,3.02,0.0,65281.6,19699.046,0.105,3.8138,43.8108,0.0,1.6556
2006-06-30,600276.SH,23.44,24.23,23.2,23.65,0.4,8220.79,19435.716,0.1903,5.5061,34.7309,41.1371,0.8457
2006-06-30,600277.SH,5.74,5.78,5.45,5.5,-0.26,29992.27,16720.984,1.1933,0.9397,24.7308,-46.1101,0.0
2006-06-30,600278.SH,3.82,3.85,3.67,3.71,-0.11,25978.68,9668.881,1.0036,1.303,346.6696,-33.3333,2.6954
2006-06-30,600279.SH,6.06,6.2,6.01,6.17,0.12,21298.68,13043.51,0.2856,2.0483,47.9363,6.4103,1.6207
2006-06-30,600282.SH,3.85,3.88,3.8,3.83,-0.02,72100.35,27703.988,1.6801,1.2778,12.5624,-58.8235,12.3427
2006-06-30,600283.SH,5.87,6.0,5.82,5.97,0.1,16696.57,9918.451,0.8105,1.789,75.7174,0.0,2.8114
2006-06-30,600284.SH,5.04,5.09,4.89,4.95,-0.09,25466.93,12635.985,1.1729,1.0818,19.2898,36.6667,2.1212
2006-06-30,600285.SH,5.36,5.55,5.36,5.42,0.03,17384.06,9459.961,1.0015,1.8473,30.3142,-26.0,0.9225
2006-06-30,600287.SH,2.65,2.65,2.56,2.59,-0.05,42147.37,10948.992,2.0207,1.1153,46.3874,-38.3333,5.0193
2006-06-30,600288.SH,4.42,4.64,4.34,4.54,0.12,95370.39,42922.762,0.9026,1.6164,34.6203,-35.3994,0.6883
2006-06-30,600289.SH,11.77,11.92,11.51,11.57,-0.2,24894.71,29114.373,0.5593,2.1207,46.8853,-31.5789,0.7489
2006-06-30,600292.SH,4.01,4.05,3.89,3.92,0.07,63021.45,24858.151,3.3472,0.8318,28.6447,40.0,3.1888
2006-06-30,600293.SH,2.93,2.96,2.8,2.89,-0.04,114532.18,32788.184,1.3154,0.8601,,-85.1351,0.0
2006-06-30,600295.SH,5.3,5.59,5.3,5.4,0.15,116485.5,63518.595,0.9832,1.2642,30.7268,14.2857,0.581
2006-06-30,600298.SH,13.87,14.2,13.75,13.79,-0.15,5830.16,8098.689,0.7059,1.1063,28.7121,51.9212,1.8129
2006-06-30,600300.SH,4.14,4.2,4.0,4.07,-0.06,123419.56,50295.635,0.6025,1.3637,31.8686,-44.4444,3.0713
2006-06-30,600301.SH,4.54,4.59,4.43,4.43,-0.11,21997.84,9846.789,1.3581,0.4741,18.8865,-45.1377,8.3521
2006-06-30,600302.SH,4.4,4.58,4.28,4.51,0.14,119698.18,53163.104,0.3371,2.5588,17.3142,0.9605,2.2173
2006-06-30,600303.SH,6.15,6.22,6.0,6.16,0.03,57204.45,35043.347,2.1436,1.3053,11.3668,25.0,3.2468
2006-06-30,600305.SH,11.3,11.3,10.9,10.92,-0.29,8656.25,9541.516,2.9633,1.2144,39.4259,24.4582,0.0
2006-06-30,600306.SH,5.16,5.18,4.83,4.94,-0.18,13170.91,6572.464,1.7112,0.7249,92.0054,-40.0,0.4049
2006-06-30,600307.SH,4.1,4.12,4.0,4.03,-0.04,105614.89,42626.991,0.7697,0.8506,10.3002,-56.6038,4.9628
2006-06-30,600308.SH,7.98,8.03,7.8,7.9,-0.05,87387.72,68884.449,1.6912,0.6381,11.3602,-30.9091,1.5823
2006-06-30,600309.SH,14.8,14.93,14.42,14.5,-0.13,58373.83,85163.012,1.2097,0.8308,26.9581,-30.7692,0.7579
2006-06-30,600313.SH,3.29,3.3,3.11,3.16,-0.11,21772.62,6930.645,0.6351,2.3273,,125.0,0.0
2006-06-30,600316.SH,34.12,36.2,33.13,34.73,-0.77,25714.28,88437.323,0.2199,3.621,164.5279,-4.7059,0.1344
2006-06-30,600318.SH,6.18,6.24,5.95,5.98,-0.2,35174.85,21281.063,1.4723,0.6372,,80.303,0.0
2006-06-30,600319.SH,4.8,4.82,4.66,4.71,-0.09,14806.19,6972.735,1.017,0.8132,47.3376,-34.7826,2.1231
2006-06-30,600320.SH,20.31,20.53,19.28,19.74,-0.37,259640.91,515754.113,2.3315,1.1325,21.6359,-32.4324,0.1924
2006-06-30,600322.SH,4.85,5.0,4.78,4.92,0.06,148006.47,72477.445,1.5182,1.8282,88.4788,,0.813
2006-06-30,600323.SH,8.38,8.38,8.08,8.32,0.04,19742.6,16235.551,0.5758,0.255,21.9056,18.0791,3.0048
2006-06-30,600325.SH,7.6,7.66,7.37,7.45,-0.15,72979.4,54631.349,2.3078,3.4453,13.331,-22.8571,1.0325
2006-06-30,600326.SH,8.78,8.99,8.05,8.12,-0.58,145383.49,122745.326,0.8587,1.458,41.3339,-16.9683,0.0
2006-06-30,600327.SH,8.39,8.4,8.15,8.16,-0.21,25309.5,20875.266,1.0167,1.1275,29.0435,-27.7778,7.7699
2006-06-30,600328.SH,5.91,6.07,5.9,5.91,0.05,109362.77,65270.132,1.0388,1.421,27.6704,-68.75,0.0
2006-06-30,600330.SH,5.6,5.89,5.5,5.75,0.17,111367.59,63885.767,0.7182,1.2544,58.4613,-23.6842,1.087
2006-06-30,600331.SH,16.5,17.37,16.4,16.92,1.13,102211.05,173451.429,1.4157,1.0138,36.5777,60.7932,0.2955
2006-06-30,600332.SH,7.27,7.33,7.16,7.3,0.06,18810.58,13673.698,0.9065,1.5168,30.7774,13.8462,0.0452
2006-06-30,600333.SH,6.25,6.25,6.07,6.08,-0.15,46707.2,28605.451,0.4545,1.3998,88.254,-70.5882,6.2014
2006-06-30,600335.SH,7.25,7.76,7.25,7.69,0.64,45137.62,34351.595,1.572,1.3976,209.4277,-43.5,0.0
2006-06-30,600337.SH,8.87,8.9,8.55,8.7,-0.19,17841.29,15503.76,0.2771,2.1074,54.509,0.0,0.5747
2006-06-30,600338.SH,5.7,5.88,5.7,5.88,0.28,10355.94,6038.7,,0.3247,,33.625,0.0
2006-06-30,600339.SH,4.2,4.23,4.05,4.08,-0.1,53613.82,22025.528,2.5687,0.5742,,-80.0,2.7576
2006-06-30,600340.SH,4.75,5.1,4.72,5.1,0.46,47561.95,23270.246,0.3538,2.3246,,-833.3333,4.1139
2006-06-30,600343.SH,8.13,8.2,7.75,7.79,-0.33,52524.99,41656.361,0.6038,1.929,61.8353,46.9159,1.2837
2006-06-30,600348.SH,12.8,13.51,12.67,13.33,0.67,117907.98,155122.485,1.0367,1.2678,10.4822,1.6556,2.4006
2006-06-30,600350.SH,3.69,3.71,3.61,3.65,-0.03,145330.98,52917.62,0.2343,1.1223,16.9358,29.4175,2.7397
2006-06-30,600351.SH,5.17,5.19,5.03,5.07,-0.09,19400.55,9879.435,2.4329,0.7497,33.1057,-14.2857,0.5112
2006-06-30,600353.SH,5.3,5.49,5.3,5.37,0.08,13719.11,7400.592,0.5043,2.2514,,28.1955,5.0014
2006-06-30,600354.SH,6.56,6.65,5.93,6.13,-0.43,84829.83,52714.925,0.8964,1.4432,,1403.9216,1.618
2006-06-30,600355.SH,3.45,3.45,3.27,3.29,-0.02,33849.15,11285.828,0.2006,3.9007,,94.1176,0.0
2006-06-30,600356.SH,7.29,7.35,7.2,7.33,0.14,29494.55,21480.649,1.0871,1.4416,15.2325,-25.0,1.3643
2006-06-30,600359.SH,5.12,5.2,4.87,4.91,-0.24,85956.37,42762.025,0.706,1.3507,29.4511,-36.5079,4.0733
2006-06-30,600361.SH,18.51,18.7,17.91,18.06,-0.45,23589.87,42796.629,1.0963,1.0093,47.2368,5.0,0.7458
2006-06-30,600362.SH,11.4,11.65,11.3,11.35,0.44,186641.18,214149.676,0.56,1.8331,14.2887,91.8919,0.1613
2006-06-30,600363.SH,6.22,6.31,6.02,6.08,-0.14,30912.67,18953.07,0.973,1.9162,44.2162,-16.3701,0.8224
2006-06-30,600365.SH,8.13,8.6,8.0,8.1,-0.03,63013.04,52457.793,0.1698,4.3777,307.9837,55.0,0.0
2006-06-30,600366.SH,5.52,5.54,5.33,5.4,-0.1,49268.08,26584.708,1.7476,1.0854,31.0838,40.2726,2.849
2006-06-30,600367.SH,5.82,5.86,5.66,5.71,-0.08,40272.11,23132.051,0.2805,3.1831,14.6265,-36.3636,1.7513
2006-06-30,600373.SH,3.81,3.81,3.61,3.64,-0.15,41632.99,15330.906,2.0168,1.104,37.6352,-8.0,0.3297
2006-06-30,600375.SH,4.4,4.43,4.22,4.28,-0.1,39417.15,16968.776,2.1955,1.287,35.2121,9.0909,3.1153
2006-06-30,600376.SH,3.89,3.89,3.73,3.77,-0.08,24813.35,9378.91,3.7001,1.6813,,-169.2308,1.7683
2006-06-30,600377.SH,5.25,5.27,5.17,5.2,-0.02,40348.5,21015.752,0.8165,0.1652,34.1406,65.4021,0.1096
2006-06-30,600378.SH,6.12,6.22,6.07,6.12,0.03,34029.04,20865.806,0.2982,2.1985,488.1894,-133.3333,0.0
2006-06-30,600380.SH,7.6,7.6,7.39,7.42,-0.16,10868.43,8114.07,0.6339,1.412,38.9934,-7.6923,5.741
2006-06-30,600381.SH,2.76,2.79,2.71,2.73,-0.04,22886.9,6309.105,1.789,1.3379,,-1400.0,
2006-06-30,600382.SH,6.61,6.66,6.43,6.47,-0.09,22115.02,14335.192,1.4652,1.5995,23.821,58.3333,0.7728
2006-06-30,600386.SH,5.75,5.75,5.25,5.26,-0.57,167110.72,89473.548,3.3363,0.5914,,-728.5714,0.7129
2006-06-30,600387.SH,6.97,6.98,6.61,6.64,-0.19,26704.89,18090.47,0.9314,0.6719,61.3102,51.5152,4.9699
2006-06-30,600388.SH,6.8,6.95,6.75,6.8,0.13,16524.18,11247.371,2.6491,1.1975,20.7689,30.4348,1.7647
2006-06-30,600389.SH,4.64,4.7,4.52,4.58,-0.03,19483.05,8935.281,1.9698,1.1243,15.695,-2.9965,2.1834
2006-06-30,600390.SH,6.27,6.34,6.17,6.29,0.02,17741.37,11123.337,0.9162,1.0208,,118.1818,0.0
2006-06-30,600392.SH,11.7,12.0,11.26,11.44,-0.46,28399.63,32943.002,0.8961,1.765,32.3984,-13.6364,0.2914
2006-06-30,600395.SH,6.71,6.76,6.5,6.64,-0.06,29497.65,19546.515,0.3789,1.937,33.6974,1.8182,4.6599
2006-06-30,600396.SH,7.65,8.03,7.5,7.59,0.18,23268.41,17897.151,3.5975,0.6967,38.1672,11.1111,0.3294
2006-06-30,600398.SH,5.09,5.15,5.02,5.03,-0.07,40173.45,20347.854,0.523,1.596,11.4673,2.2989,1.9881
2006-06-30,600399.SH,3.54,3.6,3.43,3.44,-0.08,79854.75,27864.73,2.1865,0.8504,140.7163,-28.5714,0.0
2006-06-30,600400.SH,3.2,3.26,3.15,3.19,-0.03,76132.5,24373.821,1.0915,1.644,18.6976,-44.4444,1.8947
2006-06-30,600405.SH,8.2,8.3,7.88,8.03,-0.12,17802.55,14317.153,0.6679,2.1844,92.4915,17.5,1.5567
2006-06-30,600406.SH,27.0,27.51,26.66,27.38,0.7,7832.69,21372.694,0.6299,2.3575,56.6468,-16.6667,0.7305
2006-06-30,600408.SH,5.12,5.15,5.0,5.03,-0.08,60169.25,30388.37,2.1052,0.7755,52.0639,-93.1034,2.4851
2006-06-30,600409.SH,3.43,3.47,3.36,3.39,-0.01,65385.23,22296.518,1.2136,0.8653,18.0777,-22.695,2.8364
2006-06-30,600410.SH,18.9,19.1,18.58,18.59,-0.39,14871.33,27890.204,1.2015,1.8164,32.6186,-6.0574,1.3793
2006-06-30,600416.SH,11.28,11.48,10.85,11.07,-0.19,31539.83,34706.733,2.1201,0.9581,33.655,25.0,1.7164
2006-06-30,600418.SH,4.91,4.98,4.84,4.96,0.08,167193.82,82133.908,0.94,1.0288,8.7172,-49.1803,2.5582
2006-06-30,600419.SH,3.75,3.83,3.7,3.79,0.04,10756.75,4033.044,1.6225,0.5289,,191.6667,0.0
2006-06-30,600420.SH,7.7,7.75,7.5,7.56,-0.12,44225.21,33531.083,0.14,5.5703,31.4443,-58.3955,0.8818
2006-06-30,600421.SH,4.25,4.63,4.2,4.52,-0.56,203715.17,89513.552,0.5861,2.0583,49.0995,-28.5714,0.0
2006-06-30,600422.SH,4.38,4.45,4.28,4.39,0.09,111375.8,48468.841,1.2384,1.53,,-65.0,1.7084
2006-06-30,600423.SH,8.75,8.75,8.36,8.4,-0.31,41894.18,35655.668,1.2319,0.8571,16.8597,20.0,1.7857
2006-06-30,600425.SH,4.48,4.49,4.29,4.37,-0.06,27865.9,12121.417,1.5284,0.691,36.7546,110.2041,2.9748
2006-06-30,600426.SH,9.15,9.25,8.95,9.11,0.21,89289.26,81502.818,2.1058,2.1441,12.9287,47.351,0.7318
2006-06-30,600428.SH,6.98,7.02,6.87,6.91,-0.03,80165.22,55577.421,0.7106,1.0803,7.0943,-38.3333,8.1662
2006-06-30,600429.SH,2.76,2.79,2.71,2.73,0.02,78634.42,21524.363,0.4555,1.1835,,116.6667,0.0
2006-06-30,600433.SH,3.89,3.92,3.79,3.82,-0.06,15869.54,6084.36,1.0846,1.1099,67.0353,13.5,2.6178
2006-06-30,600435.SH,7.02,7.1,6.66,6.84,-0.17,34080.82,23217.799,0.3505,3.1954,57.2895,-2.9126,0.4569
2006-06-30,600436.SH,18.01,18.6,18.01,18.31,0.04,12257.71,22534.118,0.1708,5.4208,28.8299,10.0746,1.42
2006-06-30,600438.SH,9.26,9.3,8.97,9.04,-0.22,59738.23,54187.024,1.3724,0.7649,25.1339,-36.8421,1.9358
2006-06-30,600439.SH,11.2,11.58,11.02,11.37,0.22,22887.56,25842.029,0.9662,1.6562,21.697,-6.3444,1.1276
2006-06-30,600444.SH,6.65,6.76,6.42,6.54,-0.1,11799.0,7717.51,1.6637,0.7803,24.5895,-36.3636,0.0
2006-06-30,600446.SH,13.26,13.42,12.78,12.84,-0.48,10899.26,14142.842,0.7585,2.316,,350.0,1.947
2006-06-30,600448.SH,3.02,3.12,2.99,3.09,0.05,199725.67,61129.946,0.979,1.0282,107.9367,100.0,0.0
2006-06-30,600449.SH,6.58,6.8,6.5,6.7,0.13,12748.27,8418.313,1.0149,0.6959,21.2187,-175.0,5.7369
2006-06-30,600452.SH,4.52,4.67,4.36,4.43,0.01,38856.04,17395.537,1.0318,0.8334,25.5405,-16.6667,4.5147
2006-06-30,600456.SH,45.8,48.05,45.61,47.69,2.17,15843.03,74456.142,0.7473,2.0277,44.8182,199.7153,0.4194
2006-06-30,600458.SH,4.82,4.96,4.74,4.75,-0.1,82752.92,40022.565,0.7628,1.599,40.3238,-19.1489,0.0
2006-06-30,600459.SH,12.0,12.49,11.7,11.76,-0.14,16315.83,19759.736,0.6019,2.1233,242.9844,100.0,1.7007
2006-06-30,600460.SH,9.82,10.15,9.72,9.83,0.05,73540.2,72810.868,1.0562,0.9942,51.7559,-28.0,0.5086
2006-06-30,600461.SH,5.48,5.52,5.33,5.39,-0.08,18250.52,9856.744,0.3932,1.0091,28.8336,-15.3709,1.86
2006-06-30,600462.SH,3.83,3.85,3.74,3.82,-0.01,18923.65,7164.907,3.1391,0.6356,,-5846.2366,1.0471
2006-06-30,600463.SH,6.77,6.77,6.53,6.56,-0.23,34419.49,22765.093,0.7986,2.1186,27.1435,33.3333,3.0488
2006-06-30,600467.SH,8.8,8.84,8.43,8.48,-0.24,37585.83,32225.093,0.4028,0.8433,20.6346,100.0,1.072
2006-06-30,600468.SH,5.78,6.1,5.61,5.93,0.21,135712.78,79636.026,0.6153,1.4675,53.7505,18.5185,0.0
2006-06-30,600469.SH,5.45,5.45,5.24,5.26,0.05,38486.96,20416.981,2.8383,0.9414,13.191,-86.875,0.0
2006-06-30,600470.SH,7.65,7.68,7.37,7.42,-0.21,36156.19,27088.586,1.0837,1.1312,18.1918,-15.7895,2.965
2006-06-30,600475.SH,9.4,9.45,9.02,9.19,-0.2,44967.03,41383.485,4.3281,0.9985,19.0697,-8.377,3.7405
2006-06-30,600476.SH,6.6,6.67,6.37,6.43,-0.17,18020.31,11701.744,1.1883,1.1795,131.363,20.0,0.7776
2006-06-30,600477.SH,3.9,3.92,3.71,3.79,-0.09,47830.59,18247.032,3.0731,0.8107,25.4031,-52.7273,1.6491
2006-06-30,600478.SH,6.81,6.88,6.52,6.57,-0.24,18509.76,12341.063,1.0268,0.946,80.1483,11.7647,1.8265
2006-06-30,600479.SH,9.85,9.94,9.66,9.73,-0.12,10309.12,10064.46,0.2449,4.0018,19.9776,-18.9189,2.2839
2006-06-30,600480.SH,4.64,4.68,4.35,4.49,-0.19,174840.48,78988.971,0.9996,1.3471,42.4588,14.2857,3.4264
2006-06-30,600481.SH,4.97,5.01,4.8,4.83,-0.13,43007.55,20974.474,1.0751,1.5236,48.4528,-3.3333,5.383
2006-06-30,600482.SH,6.98,7.1,6.88,6.93,-0.01,46324.85,32337.825,1.4153,1.2349,28.4173,0.0,1.8038
2006-06-30,600483.SH,2.49,2.52,2.42,2.44,-0.05,61200.1,15078.572,0.5854,1.6709,82.7274,-24.7312,1.3661
2006-06-30,600487.SH,9.1,9.24,8.97,9.15,0.17,57976.24,52843.624,0.8094,1.5712,22.5912,26.875,1.0929
2006-06-30,600488.SH,4.33,4.48,4.22,4.44,0.12,231304.33,101098.611,1.0543,1.0761,26.9834,-61.1111,1.2513
2006-06-30,600489.SH,18.72,19.77,18.6,18.85,0.87,128398.11,245818.778,0.9298,1.0293,59.948,229.0676,0.7958
2006-06-30,600490.SH,4.98,5.0,4.88,4.91,-0.07,8446.92,4164.29,0.3863,2.1001,,153.125,2.6384
2006-06-30,600491.SH,5.52,5.57,5.33,5.39,-0.11,29580.88,16046.929,3.7239,1.126,13.716,-27.1429,2.3191
2006-06-30,600493.SH,4.09,4.11,3.94,3.98,-0.11,39725.5,15916.152,0.4363,0.885,14.4623,3.1199,5.0251
2006-06-30,600495.SH,9.95,10.25,9.75,10.02,0.07,45384.55,45169.375,0.8947,1.3621,41.9554,170.7071,0.7984
2006-06-30,600496.SH,6.15,6.21,6.01,6.12,0.02,31541.47,19298.527,3.0479,0.9944,22.3174,32.1413,0.5447
2006-06-30,600497.SH,35.0,35.93,33.88,34.9,2.24,65199.89,227851.808,1.8033,1.1098,27.91,606.1991,0.8596
2006-06-30,600498.SH,7.46,7.75,7.4,7.67,0.22,48028.27,36561.682,0.7041,2.1267,71.6485,24.031,1.5645
2006-06-30,600499.SH,5.38,5.45,5.26,5.37,0.02,30303.85,16164.729,1.1098,1.2304,21.0079,-60.8696,3.7244
2006-06-30,600500.SH,5.7,5.86,5.65,5.66,-0.03,163892.74,94183.964,0.8428,1.1994,11.2666,-50.4132,2.9446
2006-06-30,600501.SH,12.08,12.33,11.87,12.3,0.2,17089.09,20720.184,1.9731,0.8517,68.7317,-16.4179,0.2541
2006-06-30,600502.SH,5.01,5.17,4.92,5.11,0.12,84780.64,42770.366,2.2256,0.9178,23.4282,20.0,0.0
2006-06-30,600503.SH,3.8,3.91,3.77,3.8,-0.05,10617.09,4063.701,1.9063,1.1603,48.7185,116.0,0.0
2006-06-30,600507.SH,2.53,2.68,2.52,2.6,0.08,103806.51,26887.679,1.4432,1.2285,63.8569,-87.5,5.9172
2006-06-30,600508.SH,7.05,7.2,6.98,7.11,0.1,82289.06,58465.794,1.3042,0.5891,12.7332,-43.0769,4.6882
2006-06-30,600509.SH,5.86,6.0,5.71,5.81,0.02,38491.32,22485.656,3.7276,0.9134,28.4706,-89.2308,3.4423
2006-06-30,600510.SH,4.36,4.39,4.17,4.24,-0.11,69434.4,29513.441,0.2305,4.1336,15.3591,0.0,3.9308
2006-06-30,600511.SH,14.9,14.96,14.07,14.48,-0.42,18335.38,26458.597,1.2768,1.3166,34.4813,47.8261,1.733
2006-06-30,600512.SH,7.06,7.48,6.9,7.35,0.49,74653.38,53502.489,2.2048,1.0052,18.1536,12.8571,1.3605
2006-06-30,600513.SH,8.21,8.21,7.97,8.01,-0.16,8365.89,6729.483,0.3067,3.6677,63.2302,0.0,0.6242
2006-06-30,600515.SH,2.11,2.28,2.1,2.22,0.01,34602.38,7662.848,,0.4662,,45.7995,0.0
2006-06-30,600516.SH,3.57,3.59,3.48,3.55,-0.01,15519.95,5479.758,1.7843,1.0591,,-465.9375,0.0
2006-06-30,600517.SH,11.31,11.39,10.24,10.5,-0.81,57962.12,62240.165,0.9208,1.7744,105.4711,93.3333,0.1905
2006-06-30,600519.SH,48.25,48.75,46.8,47.44,-0.66,39032.78,185164.398,0.5419,2.0196,37.3429,-47.541,0.4392
2006-06-30,600521.SH,11.12,11.3,11.04,11.23,0.11,30353.62,33893.006,0.2461,2.71,20.0913,-16.6667,4.2857
2006-06-30,600522.SH,3.88,3.88,3.74,3.81,-0.06,46699.38,17727.045,1.407,1.413,39.8888,-16.6667,0.0
2006-06-30,600523.SH,6.09,6.14,5.74,5.93,-0.19,45545.28,26904.421,0.7432,1.3426,,250.0,0.0
2006-06-30,600525.SH,18.08,18.3,17.61,17.96,-0.11,9388.4,16794.358,0.7551,1.045,34.8934,14.6351,0.6074
2006-06-30,600526.SH,6.05,6.15,5.81,5.83,-0.21,22658.16,13463.368,2.6789,1.259,33.5884,-16.6667,0.0
2006-06-30,600527.SH,4.8,4.89,4.61,4.77,-0.02,12366.95,5862.764,0.7301,1.3175,19.9745,-7.6923,2.3294
2006-06-30,600528.SH,6.11,6.2,5.88,5.96,-0.14,107391.33,64377.542,2.7417,1.1295,44.9238,18.3924,1.6779
2006-06-30,600529.SH,5.88,6.3,5.82,6.13,0.27,185419.08,113597.829,0.7074,1.3387,16.157,22.2222,1.3594
2006-06-30,600530.SH,6.1,6.13,5.88,5.89,-0.17,25165.91,15047.541,0.7271,1.8739,45.3297,100.0,1.6978
2006-06-30,600531.SH,6.5,6.68,6.44,6.47,0.04,85143.32,55679.2,1.6298,1.4943,16.01,32.967,2.3184
2006-06-30,600533.SH,10.98,11.24,10.95,11.16,0.22,33574.63,37356.887,3.2989,1.7578,13.0134,98.3607,2.9869
2006-06-30,600535.SH,17.18,17.3,16.46,16.79,-0.46,31488.18,52916.79,0.9184,1.3162,24.5284,12.5,1.7868
2006-06-30,600536.SH,12.9,13.05,12.3,12.43,-0.44,19013.75,23867.301,0.9035,1.7175,38.4611,,1.2594
2006-06-30,600537.SH,3.86,3.89,3.65,3.72,-0.11,45034.97,16790.86,0.7919,0.8124,28.249,-25.7143,3.3602
2006-06-30,600538.SH,2.9,2.9,2.8,2.83,-0.05,76936.35,21746.733,1.3429,0.8157,48.8776,-71.4286,0.0
2006-06-30,600539.SH,4.47,4.54,4.38,4.41,-0.06,17571.99,7797.118,0.3775,1.8703,114.0492,2.5641,1.1853
2006-06-30,600540.SH,7.15,7.15,6.44,6.55,-0.45,94019.14,63058.094,0.5154,2.0192,40.8376,-11.0,1.8321
2006-06-30,600545.SH,3.95,3.95,3.8,3.81,-0.08,22003.06,8460.673,1.3436,1.2143,34.9348,0.0,2.0997
2006-06-30,600546.SH,10.18,10.38,9.98,10.02,0.04,53042.67,53787.007,1.5948,1.352,47.2439,30.0838,2.3786
2006-06-30,600547.SH,28.84,30.3,28.76,28.88,1.08,49771.63,146530.926,0.9246,0.7743,46.7266,66.6667,1.0388
2006-06-30,600548.SH,3.93,4.0,3.92,3.95,0.04,76063.49,30110.275,0.5443,0.274,16.7826,22.1053,0.3206
2006-06-30,600549.SH,15.1,15.8,15.1,15.31,0.48,54979.88,84761.684,2.6636,0.9781,37.5146,-8.6514,0.6532
2006-06-30,600550.SH,21.88,22.32,21.51,21.88,0.19,46125.22,101034.552,1.7707,1.0756,66.7984,214.2857,0.8264
2006-06-30,600556.SH,4.22,4.28,4.15,4.17,-0.06,75104.84,31486.01,0.961,0.4422,16.7696,-173.0769,1.3641
2006-06-30,600557.SH,7.01,7.39,6.95,7.3,0.25,87541.63,62263.411,1.1406,1.0822,21.625,44.16,1.3699
2006-06-30,600559.SH,6.45,6.54,6.24,6.26,-0.18,14174.18,8921.856,1.2146,0.7557,106.7851,-83.3333,8.3866
2006-06-30,600560.SH,7.6,7.75,7.27,7.45,-0.18,41166.03,30719.015,1.351,1.5144,40.9323,71.4286,1.3423
2006-06-30,600561.SH,4.52,4.65,4.43,4.51,0.03,73902.41,33517.73,0.9701,0.9087,19.7743,16.6667,1.663
2006-06-30,600562.SH,5.13,5.19,4.9,4.96,-0.16,13310.02,6702.073,0.2007,3.7076,30.891,17.7778,2.0161
2006-06-30,600563.SH,10.08,10.16,9.66,9.89,-0.19,8788.95,8663.015,0.1021,6.9567,24.6059,27.7778,2.6963
2006-06-30,600565.SH,6.56,6.58,6.31,6.38,-0.12,31299.22,20094.08,1.013,1.1712,49.3952,-41.6667,1.1755
2006-06-30,600566.SH,4.71,4.73,4.61,4.69,0.02,13284.95,6209.705,0.5033,1.3344,58.7753,20.0,0.4264
2006-06-30,600567.SH,3.28,3.31,3.22,3.26,-0.02,115189.98,37499.092,0.9475,0.8891,21.4684,-4.902,1.922
2006-06-30,600568.SH,5.3,5.36,5.2,5.22,-0.07,9696.22,5111.277,1.3214,1.2565,,-31.8182,0.0
2006-06-30,600569.SH,2.5,2.51,2.38,2.41,-0.1,405865.79,98183.566,1.0626,0.7564,21.3601,-43.2105,4.1494
2006-06-30,600570.SH,7.05,7.12,6.74,6.77,-0.25,36968.2,25398.649,0.4024,1.8847,162.5313,-2.381,1.4068
2006-06-30,600571.SH,4.64,4.87,4.61,4.79,0.15,61639.57,29226.312,0.9276,1.4212,60.256,-43.9024,2.0074
2006-06-30,600572.SH,8.93,9.1,8.68,8.86,-0.08,18301.91,16295.154,0.9739,1.1301,27.0564,0.0,2.2573
2006-06-30,600575.SH,6.8,7.14,6.78,7.06,-1.28,76392.94,53040.24,0.0746,5.0007,22.8053,-15.0,14.9323
2006-06-30,600576.SH,5.88,5.99,5.76,5.87,-0.01,12618.0,7400.628,1.4238,0.8069,,-233.3333,0.0
2006-06-30,600577.SH,7.5,7.75,7.36,7.75,0.25,27007.3,20462.565,2.5104,1.0513,17.7961,37.7246,1.2903
2006-06-30,600580.SH,6.84,6.87,6.63,6.8,-0.01,34613.52,23333.281,0.7991,1.3653,21.1092,6.6667,1.4706
2006-06-30,600581.SH,3.01,3.05,2.95,2.98,-0.03,51665.09,15393.829,2.0542,0.5049,18.1874,-71.0526,10.0671
2006-06-30,600582.SH,20.34,20.85,20.01,20.44,0.45,14894.28,30539.0,1.2842,1.4237,38.3501,32.5581,1.129
2006-06-30,600583.SH,23.2,23.45,22.46,22.9,-0.13,50868.89,116719.597,0.5319,1.1402,31.0935,-39.5973,0.182
2006-06-30,600584.SH,8.2,8.29,7.99,8.15,0.02,33468.11,27237.365,2.198,0.4779,41.3517,30.4348,0.6135
2006-06-30,600585.SH,13.92,13.99,13.5,13.79,-0.11,21631.67,29632.612,1.7484,0.5962,32.0318,353.4884,0.2292
2006-06-30,600586.SH,6.5,6.55,6.39,6.41,-0.06,31616.44,20394.214,2.1647,0.4702,33.713,6.25,1.04
2006-06-30,600588.SH,20.8,20.9,20.4,20.64,-0.03,15428.88,31845.794,0.1722,4.2486,37.2859,37.1429,0.9938
2006-06-30,600589.SH,7.06,7.1,6.57,6.61,-0.45,59560.19,40275.608,0.7778,0.9201,20.7571,50.6329,3.0257
2006-06-30,600590.SH,9.9,10.0,9.29,9.3,-0.36,41222.25,39545.22,1.1416,1.3632,34.8392,41.0,0.5465
2006-06-30,600592.SH,12.25,12.43,11.9,12.16,0.01,16489.59,20045.487,0.3876,2.5954,24.6475,16.8776,1.8092
2006-06-30,600593.SH,6.57,6.65,6.5,6.61,0.05,12535.75,8259.54,1.0803,0.4598,284.9212,-1600.0,0.0
2006-06-30,600594.SH,12.35,12.47,12.1,12.33,0.05,7606.86,9325.94,0.8836,1.2971,21.2465,-57.8947,0.5632
2006-06-30,600595.SH,6.81,7.1,6.75,6.8,0.03,49715.9,34515.676,1.8455,0.4117,25.7617,101.4521,0.2941
2006-06-30,600596.SH,10.75,11.25,10.71,11.11,0.43,157203.07,173227.026,1.2216,1.0017,14.6509,-13.4884,2.1466
2006-06-30,600597.SH,8.18,8.32,7.88,7.95,-0.2,85462.21,68468.259,0.7303,1.2811,46.3235,-40.0,8.191
2006-06-30,600598.SH,4.66,4.7,4.43,4.53,-0.12,259055.27,117686.917,1.1137,0.9645,14.6567,14.2857,0.9928
2006-06-30,600599.SH,6.0,6.04,5.81,5.89,-0.1,12228.76,7189.081,0.2786,2.8991,,120.0588,0.0
2006-06-30,600600.SH,12.5,12.59,12.18,12.38,0.17,57547.26,70891.046,0.8923,0.8523,52.2525,16.1064,1.2116
2006-06-30,600602.SH,3.63,3.65,3.47,3.48,-0.14,122238.03,43130.073,0.4847,1.1455,385.5169,104.6667,0.6288
2006-06-30,600604.SH,3.16,3.33,3.09,3.27,0.12,63050.95,20276.519,0.7589,1.2917,524.5807,-25.9259,0.0
2006-06-30,600606.SH,4.6,4.7,4.53,4.59,0.1,63349.86,29153.859,0.9793,1.7178,15.363,141.6667,1.9806
2006-06-30,600608.SH,4.27,4.37,4.17,4.18,-0.03,41152.87,17405.542,2.3449,1.02,,-2939.1304,0.0
2006-06-30,600612.SH,6.43,6.48,6.21,6.28,-0.06,12128.21,7669.719,1.5391,1.1887,41.4358,75.9287,0.0
2006-06-30,600615.SH,5.65,5.7,5.54,5.6,-0.09,5608.68,3136.841,1.8438,0.9674,121.1581,-104.3478,0.0
2006-06-30,600616.SH,15.88,15.88,15.31,15.72,0.14,29078.17,45126.719,1.3914,1.2197,31.8924,11.1111,1.0602
2006-06-30,600618.SH,5.45,5.45,5.27,5.32,-0.1,13895.06,7402.16,0.8147,0.7903,,10.6628,
2006-06-30,600619.SH,7.22,7.28,7.01,7.08,-0.02,11469.49,8152.484,1.3335,0.8911,37.4524,-73.6842,0.2848
2006-06-30,600620.SH,2.78,2.79,2.71,2.72,-0.04,15374.77,4205.816,1.6646,1.2732,2469.8156,-268.75,0.3676
2006-06-30,600621.SH,3.49,3.52,3.38,3.4,-0.07,56447.46,19366.038,0.6333,0.986,23.9478,-1.2987,2.9412
2006-06-30,600622.SH,4.55,4.62,4.4,4.4,-0.18,31925.81,14340.991,1.2411,1.3701,27.3612,57.971,1.8182
2006-06-30,600623.SH,6.65,6.68,6.4,6.48,-0.11,11036.07,7192.023,2.9632,0.7907,41.1737,3.125,0.0
2006-06-30,600624.SH,3.94,3.95,3.81,3.87,-0.07,37785.74,14620.988,1.0548,1.2066,67.2675,-19.75,0.0
2006-06-30,600626.SH,3.2,3.21,3.13,3.14,-0.05,52862.32,16679.992,0.5369,1.6347,18.6875,20.7447,2.2748
2006-06-30,600630.SH,3.55,3.59,3.45,3.58,0.03,73452.09,25756.701,1.579,1.1669,115.261,192.3077,0.0
2006-06-30,600633.SH,6.16,6.3,6.09,6.15,-0.01,9301.21,5711.354,0.6256,1.7139,,363.0435,0.0
2006-06-30,600635.SH,3.53,3.64,3.42,3.52,0.0,146984.59,51763.774,2.1029,0.6859,103.2977,-41.4441,0.0
2006-06-30,600636.SH,8.25,8.28,8.02,8.13,-0.12,48192.43,39229.113,1.4639,0.8492,24.8331,-46.525,0.4731
2006-06-30,600637.SH,4.63,4.65,4.44,4.47,-0.16,140038.5,63191.597,1.279,0.9913,412.2049,-43.77,0.0
2006-06-30,600638.SH,5.23,5.32,5.15,5.28,0.07,73750.87,38667.588,0.206,2.0497,40.0513,1.8764,1.8939
2006-06-30,600639.SH,7.15,7.22,7.07,7.09,-0.04,49243.07,35180.758,0.665,0.8447,20.3557,15.7895,0.1522
2006-06-30,600640.SH,5.5,6.03,5.46,6.03,0.55,56964.09,33549.174,0.0727,10.2625,130.5713,114.2857,0.0
2006-06-30,600642.SH,6.3,6.36,6.1,6.14,0.0,298846.89,185514.145,0.4758,0.78,12.941,43.2432,3.0319
2006-06-30,600643.SH,6.9,6.95,6.47,6.57,-0.13,79508.32,53219.297,4.7464,0.9146,,193.1818,0.0
2006-06-30,600644.SH,5.52,5.66,5.38,5.39,-0.07,50745.0,27778.177,1.2239,0.5944,31.524,13.8837,3.5926
2006-06-30,600648.SH,5.58,5.59,5.44,5.49,-0.09,8279.4,4562.098,2.6356,0.9236,,-9.0909,0.0
2006-06-30,600650.SH,8.18,8.24,7.89,7.97,-0.21,15909.87,12767.936,0.4169,1.124,17.0094,30.5419,0.2687
2006-06-30,600654.SH,2.63,2.68,2.57,2.59,0.03,93890.62,24432.9,0.7404,1.3756,57.4331,-14.8148,0.0
2006-06-30,600655.SH,10.43,10.72,10.21,10.26,-0.03,73701.32,76897.296,1.0705,1.2166,39.2502,80.8081,1.1696
2006-06-30,600657.SH,3.66,3.78,3.65,3.72,0.07,28292.24,10517.831,1.8747,1.1594,,251.9615,0.0
2006-06-30,600658.SH,3.14,3.15,3.05,3.1,-0.04,42109.56,12995.14,1.2113,1.209,,-94.0,0.0
2006-06-30,600660.SH,8.15,8.3,8.1,8.12,-0.09,70872.95,58138.455,1.853,1.0668,20.551,38.0952,0.0
2006-06-30,600661.SH,8.65,8.68,8.35,8.42,-0.16,12129.99,10286.595,1.1241,0.9614,86.0043,32.5,0.5938
2006-06-30,600663.SH,7.3,7.34,7.19,7.21,-0.06,26141.63,18937.049,0.7741,2.0498,22.4995,-18.75,0.082
2006-06-30,600665.SH,3.73,3.87,3.66,3.82,0.13,85672.78,32282.0,0.8543,2.9728,40.6838,38.2353,1.3089
2006-06-30,600666.SH,4.05,4.14,3.98,4.1,0.05,28438.95,11532.916,1.6011,0.8965,40.2591,0.0,0.0
2006-06-30,600667.SH,2.98,3.02,2.96,3.0,0.02,39603.93,11844.719,1.3729,1.0958,62.6538,4.3478,0.0
2006-06-30,600671.SH,5.59,5.91,5.51,5.59,-0.04,27125.53,15559.051,0.4988,2.044,182.5159,-51.7241,5.2238
2006-06-30,600673.SH,4.65,4.65,4.48,4.53,-0.09,16993.35,7720.605,0.6695,1.5167,25.8893,-28.0822,0.9649
2006-06-30,600675.SH,4.94,4.97,4.83,4.91,-0.03,93936.33,46048.753,2.1427,1.3847,9.381,36.9718,2.5458
2006-06-30,600676.SH,4.18,4.21,4.02,4.07,-0.13,94722.54,38798.8,0.6265,1.2602,22.5984,-5.9717,2.1365
2006-06-30,600678.SH,3.78,3.78,3.64,3.69,-0.06,18203.02,6726.749,1.587,0.8381,61.7333,169.2308,0.0
2006-06-30,600679.SH,4.08,4.11,3.87,3.93,-0.15,24576.43,9739.84,1.4181,1.291,194.3018,22.5806,0.0
2006-06-30,600681.SH,1.67,1.7,1.64,1.69,0.02,33075.39,5524.776,,0.2012,,-233.7607,0.0
2006-06-30,600682.SH,10.0,10.16,9.74,9.82,-0.42,10535.24,10416.645,1.1712,0.8002,67.6308,83.3333,1.8401
2006-06-30,600685.SH,8.7,9.3,8.7,8.88,0.18,75028.28,67457.813,2.7319,0.9381,36.4516,225.0,0.0
2006-06-30,600686.SH,12.0,12.11,11.78,11.83,-0.36,14304.13,17089.222,2.9042,1.0103,21.455,0.0,0.9754
2006-06-30,600688.SH,6.15,6.32,6.06,6.22,0.12,324315.47,200706.93,0.4907,1.0606,94.2718,-101.7467,3.2154
2006-06-30,600690.SH,4.71,4.77,4.66,4.68,0.02,189355.47,89035.045,0.1684,3.861,21.5565,25.8065,6.4103
2006-06-30,600691.SH,3.0,3.15,2.98,3.13,0.13,9163.0,2830.531,,1.6084,,-139.6226,0.0
2006-06-30,600692.SH,3.91,3.91,3.71,3.72,-0.19,113092.78,42797.077,0.8134,0.5637,41.0973,,0.0
2006-06-30,600693.SH,10.18,10.29,9.9,9.95,-0.2,15758.51,15745.082,1.8913,1.0221,38.7972,29.0598,1.835
2006-06-30,600694.SH,38.99,41.8,38.8,41.35,2.86,22041.42,89944.958,1.6956,0.4631,47.4967,20.3922,0.3759
2006-06-30,600696.SH,2.58,2.76,2.5,2.64,0.08,207158.62,54827.527,1.4731,1.4926,209.9673,37.5,0.0
2006-06-30,600697.SH,9.13,9.3,9.05,9.14,0.01,10563.03,9688.817,1.1584,0.6324,26.2877,15.5844,3.6876
2006-06-30,600698.SH,3.08,3.13,2.97,3.05,0.0,38748.17,11724.365,2.2309,0.897,621.0476,-171.4286,0.0
2006-06-30,600699.SH,3.04,3.04,3.04,3.04,0.28,10810.31,3286.334,2.1813,1.0295,,-117.3913,0.0
2006-06-30,600702.SH,5.03,5.09,4.81,4.83,-0.19,88461.76,43227.461,0.3765,1.3984,105.3647,63.3803,0.0
2006-06-30,600703.SH,3.06,3.27,3.06,3.18,0.02,18282.25,5822.192,,0.2132,,-49.9606,0.0
2006-06-30,600704.SH,3.8,3.82,3.69,3.74,-0.08,41348.3,15481.193,2.3867,1.6481,26.6381,1.2048,0.0
2006-06-30,600705.SH,1.74,1.76,1.7,1.73,0.01,273894.7,47222.401,3.38,0.8358,,3.0612,0.0
2006-06-30,600706.SH,4.31,4.38,4.27,4.3,-0.09,16581.2,7137.22,4.193,0.9962,,-175.0,0.0
2006-06-30,600707.SH,3.7,3.78,3.69,3.74,0.04,32705.78,12214.914,0.5193,1.4942,,104.7059,23.5177
2006-06-30,600708.SH,5.29,5.35,5.09,5.15,-0.14,73217.45,38078.449,1.2841,0.4446,13.004,84.7148,0.9709
2006-06-30,600710.SH,4.26,4.47,4.15,4.4,0.34,614233.16,267530.708,1.3953,0.9595,105.4735,391.8033,0.7955
2006-06-30,600712.SH,5.35,5.35,5.12,5.17,-0.16,12794.1,6642.956,4.78,0.7888,121.1975,-42.1941,0.8846
2006-06-30,600714.SH,6.61,6.85,6.61,6.67,0.08,24277.29,16338.286,1.2658,0.3973,,-69.8113,
2006-06-30,600715.SH,1.78,1.83,1.75,1.83,0.09,104104.08,18926.303,,0.3668,,41.6667,0.0
2006-06-30,600717.SH,8.23,8.59,8.19,8.4,0.17,288426.34,242308.528,0.4123,0.9304,16.135,41.6667,0.0
2006-06-30,600718.SH,12.0,12.4,11.85,11.97,-0.03,10784.15,12946.843,0.7036,2.1131,55.5461,83.3333,5.0125
2006-06-30,600719.SH,5.4,5.6,5.36,5.41,0.08,41667.76,22666.923,1.196,0.9267,50.9938,42.623,1.8484
2006-06-30,600721.SH,3.85,3.85,3.67,3.67,-0.19,17938.0,6616.218,,0.0783,,57.1429,0.0
2006-06-30,600724.SH,7.51,7.55,7.18,7.2,-0.3,47805.65,35146.015,2.0599,0.9838,121.0273,-33.3333,6.4272
2006-06-30,600725.SH,5.02,5.1,4.93,5.07,0.08,26855.46,13466.922,0.9075,0.5486,15.7955,83.6066,0.6575
2006-06-30,600726.SH,3.9,3.98,3.83,3.86,0.05,92632.4,35986.281,1.5963,0.484,36.14,0.6036,1.4548
2006-06-30,600728.SH,3.78,3.81,3.68,3.73,-0.06,18821.39,7020.841,,0.6561,,82.2581,0.0
2006-06-30,600729.SH,10.1,10.33,9.89,10.07,-0.18,22701.56,22872.145,1.7323,0.7909,25.9131,23.3333,0.3972
2006-06-30,600730.SH,4.21,4.24,4.14,4.17,-0.02,22043.29,9215.647,1.8492,1.0983,28.8277,20.0,0.0
2006-06-30,600731.SH,2.92,2.93,2.81,2.84,-0.07,36939.38,10522.518,1.1669,1.0343,93.9103,11.6667,0.7042
2006-06-30,600732.SH,3.81,3.86,3.77,3.8,0.05,34804.31,13262.03,1.5346,3.2463,26.1568,-63.2691,0.0
2006-06-30,600733.SH,4.75,4.81,4.64,4.67,-0.09,27849.32,13087.534,1.5945,0.7843,240.4104,87.5,0.0
2006-06-30,600734.SH,1.88,1.94,1.86,1.89,0.01,29041.05,5500.61,4.4552,1.0347,,13.6237,0.0
2006-06-30,600735.SH,3.42,3.45,3.23,3.34,-0.06,22119.53,7369.351,4.0245,0.4513,,-3095.0,0.0
2006-06-30,600736.SH,4.83,4.87,4.76,4.78,-0.05,19488.57,9372.111,2.2961,1.5168,15.8725,8.8889,3.1381
2006-06-30,600737.SH,5.59,5.68,5.38,5.54,0.13,143821.93,79066.432,2.4844,0.5098,,108.8235,0.0
2006-06-30,600738.SH,3.09,3.1,2.96,2.99,-0.07,56078.86,16843.145,1.4502,0.3723,349.3677,105.2632,0.0
2006-06-30,600739.SH,11.68,11.98,11.4,11.88,0.26,58411.15,68603.079,1.4202,1.052,64.1768,340.0,0.4209
2006-06-30,600740.SH,8.4,8.5,8.11,8.21,-0.22,61656.39,50929.342,1.849,0.8514,41.5479,-63.7143,2.4361
2006-06-30,600741.SH,3.16,3.18,3.08,3.09,-0.07,107640.08,33455.791,1.6098,0.2564,23.5346,0.0,2.4894
2006-06-30,600742.SH,3.77,3.77,3.59,3.59,-0.11,27046.85,9818.621,0.9675,0.919,,144.2478,0.0
2006-06-30,600743.SH,3.39,3.39,3.33,3.39,0.16,21907.5,7426.493,116.9718,0.2441,505.7755,-444.4444,0.0
2006-06-30,600745.SH,1.87,1.91,1.85,1.87,-0.02,18229.0,3418.469,,0.0389,,87.4631,0.0
2006-06-30,600748.SH,6.1,6.25,6.1,6.13,0.03,53658.08,33080.718,0.793,2.1957,27.4711,116.6667,1.1419
2006-06-30,600749.SH,11.1,11.3,10.8,11.1,0.08,23242.76,25579.863,2.0376,1.2467,62.2441,-20.4266,0.0
2006-06-30,600750.SH,10.5,10.5,10.05,10.22,-0.28,22679.2,23158.717,0.6895,0.801,25.3929,47.0588,0.9785
2006-06-30,600751.SH,3.1,3.17,3.09,3.11,0.0,43667.24,13602.344,6.6895,0.4889,26.5067,-77.7778,0.0
2006-06-30,600754.SH,9.4,9.4,9.01,9.08,-0.2,27111.46,24767.508,0.2101,2.501,27.6505,13.2867,0.3875
2006-06-30,600757.SH,3.21,3.24,3.0,3.05,-0.16,55205.68,17011.862,2.9835,0.742,,-1000.0,0.0
2006-06-30,600758.SH,4.39,4.42,4.18,4.31,-0.09,8150.0,3481.683,3.4861,1.2758,32.1898,50.0,0.0
2006-06-30,600759.SH,1.67,1.74,1.66,1.73,0.06,29311.75,4979.098,,0.9074,,45.6522,0.0
2006-06-30,600760.SH,2.06,2.06,2.01,2.01,-0.11,31978.0,6443.225,0.6682,1.4471,218.8407,-2147.3684,0.0
2006-06-30,600761.SH,14.0,14.78,14.0,14.72,0.86,50533.85,73101.403,1.0796,1.5845,26.1207,70.8333,1.019
2006-06-30,600763.SH,3.88,4.07,3.84,4.07,0.19,17827.48,7187.732,0.2386,4.2333,185.5007,-1.6667,0.0
2006-06-30,600764.SH,6.5,6.89,6.4,6.78,0.4,106132.84,71115.41,1.1517,1.4606,64.5247,33.3333,0.4425
2006-06-30,600765.SH,6.55,6.68,6.4,6.64,0.19,32522.23,21229.183,0.3917,2.5744,83.6647,-5.1724,0.9036
2006-06-30,600766.SH,3.18,3.27,3.17,3.23,0.04,7646.97,2452.249,,0.4576,,35.9561,0.0
2006-06-30,600768.SH,9.16,9.67,9.16,9.3,-0.88,147686.08,135959.43,2.794,0.6683,130.1396,-43.3333,1.0876
2006-06-30,600770.SH,9.71,9.86,9.43,9.43,-0.14,36980.99,35444.895,0.6726,1.9289,101.4517,35.5556,0.0
2006-06-30,600773.SH,2.96,3.11,2.93,3.03,0.06,37671.74,11422.347,2.6332,1.0214,,97.992,0.0
2006-06-30,600774.SH,7.48,7.55,7.21,7.35,-0.15,13820.66,10246.095,1.6091,0.1777,15.5234,-28.5714,0.0
2006-06-30,600777.SH,3.81,3.83,3.68,3.7,-0.09,94887.92,35348.949,0.7662,1.4695,37.7954,-16.6667,0.0
2006-06-30,600778.SH,3.18,3.23,3.05,3.1,-0.08,111592.03,34868.417,1.1837,0.775,87.2361,3.2258,1.6129
2006-06-30,600779.SH,7.61,7.68,7.23,7.31,-0.29,93662.01,69163.285,0.6501,1.9888,42.1909,21.3172,1.368
2006-06-30,600780.SH,3.09,3.2,3.06,3.1,0.04,364623.18,113498.039,1.4291,0.3703,24.2793,-10.4167,11.2903
2006-06-30,600782.SH,5.33,5.4,5.15,5.17,-0.16,20013.05,10441.428,1.1941,1.1713,36.5779,48.0,6.6548
2006-06-30,600783.SH,3.67,3.68,3.53,3.55,-0.09,33618.56,12057.257,1.8683,0.872,46.511,115.5963,0.0
2006-06-30,600784.SH,3.12,3.17,3.0,3.06,-0.06,63998.13,19530.402,3.815,0.7308,36.6994,0.0,0.0
2006-06-30,600785.SH,11.97,12.09,11.83,11.95,-0.01,9487.63,11318.266,1.0219,0.8992,33.7875,,3.3299
2006-06-30,600787.SH,5.61,5.77,5.48,5.69,0.1,176882.12,100389.534,1.6203,1.155,51.2079,39.9577,0.3515
2006-06-30,600789.SH,4.1,4.1,4.0,4.02,-0.08,47958.66,19342.905,0.7089,0.8179,200.1548,226.9231,0.0
2006-06-30,600790.SH,5.76,5.84,5.51,5.62,-0.12,39290.17,22251.167,2.8869,0.4701,304.1234,-90.0,0.0
2006-06-30,600791.SH,5.26,5.3,4.93,5.18,-0.08,20328.43,10460.904,2.2847,1.5746,40.5338,-8.3333,0.3861
2006-06-30,600793.SH,6.76,6.77,6.54,6.62,-0.15,4351.74,2885.878,4.7109,0.3897,,-454.1069,0.0
2006-06-30,600795.SH,8.3,8.4,7.97,8.11,-0.06,242749.96,196490.997,2.3768,0.3894,20.0698,-4.9451,3.6377
2006-06-30,600796.SH,5.05,5.05,4.83,4.85,-0.15,66602.47,32650.589,0.909,1.0578,48.4516,10.8108,1.586
2006-06-30,600797.SH,3.62,3.65,3.53,3.58,-0.06,161673.94,58018.439,1.8008,1.283,32.0388,20.0,0.5587
2006-06-30,600798.SH,3.61,3.65,3.5,3.53,-0.08,31455.68,11184.494,1.8113,0.7729,18.8082,33.3333,3.966
2006-06-30,600801.SH,6.24,6.3,6.03,6.11,-0.13,10329.69,6322.275,2.3845,0.5821,24.5436,1300.0,0.2867
2006-06-30,600803.SH,3.99,4.01,3.86,3.89,-0.08,71574.0,28148.885,2.1847,0.8042,43.1163,-14.2857,0.0
2006-06-30,600805.SH,3.76,3.79,3.68,3.71,-0.04,35938.25,13386.366,1.9072,0.7717,81.8159,,0.0
2006-06-30,600807.SH,3.54,3.73,3.42,3.73,0.18,15803.58,5765.61,,0.6022,,7.6923,0.0
2006-06-30,600808.SH,2.92,2.95,2.85,2.87,-0.05,166818.79,48276.699,1.4929,0.9128,8.8305,-49.0798,0.9739
2006-06-30,600809.SH,17.88,17.88,17.11,17.37,-0.3,21358.35,36983.093,0.3773,2.6601,38.8394,78.0,0.8636
2006-06-30,600810.SH,4.77,4.8,4.65,4.74,-0.01,42410.05,19996.374,0.6876,1.4579,49.9229,43.3234,1.3506
2006-06-30,600812.SH,3.26,3.28,3.15,3.18,-0.07,93803.36,29905.225,4.0174,0.6608,,-640.5405,2.0423
2006-06-30,600814.SH,5.25,5.25,4.96,5.1,-0.09,75839.44,38483.066,0.6203,0.5828,77.1682,135.4839,0.4499
2006-06-30,600815.SH,4.14,4.21,4.02,4.21,0.38,462552.9,191843.47,1.397,1.3396,181.5956,-4.5977,0.0
2006-06-30,600816.SH,4.58,4.62,4.45,4.47,-0.13,57180.82,25832.443,1.5333,,306.559,,0.0
2006-06-30,600817.SH,12.12,12.35,11.75,12.01,-0.1,12210.99,14669.854,4.8266,1.1415,30.7271,-9.0909,0.3202
2006-06-30,600818.SH,7.38,7.4,7.1,7.22,-0.1,3454.0,2494.609,1.2696,1.0415,62.8203,-47.3684,0.0
2006-06-30,600819.SH,4.31,4.33,4.21,4.23,-0.08,16593.17,7045.097,0.8541,1.4186,37.2811,-92.8571,0.4076
2006-06-30,600820.SH,4.38,4.42,4.25,4.31,0.0,109810.89,47413.332,3.4696,0.8925,23.8802,21.8599,0.0
2006-06-30,600822.SH,8.48,8.56,8.12,8.14,-0.21,5583.4,4621.695,3.6783,1.0359,49.3455,351.3514,0.0
2006-06-30,600824.SH,6.3,6.35,6.09,6.16,-0.12,77882.94,48144.432,1.0777,0.6589,16.1425,53.2967,1.2175
2006-06-30,600825.SH,11.4,11.5,11.0,11.02,-0.37,21508.3,24002.883,0.5454,1.6874,,-185.7143,2.4067
2006-06-30,600826.SH,4.53,4.63,4.39,4.4,-0.12,47812.18,21337.234,0.6647,1.3066,65.5056,0.0,0.0
2006-06-30,600828.SH,6.95,7.1,6.8,6.99,0.0,14569.85,10174.177,4.3523,0.4918,,114.6497,0.0
2006-06-30,600829.SH,11.25,11.34,10.77,11.1,-0.24,87674.0,96566.959,1.2231,1.32,23.3071,177.3925,0.7157
2006-06-30,600830.SH,4.99,5.02,4.78,4.78,-0.17,118478.27,58201.399,0.9024,1.6337,39.3069,43.4783,3.5703
2006-06-30,600831.SH,16.0,16.65,16.0,16.31,0.14,6382.65,10455.656,0.4676,1.2606,138.9396,-15.6627,0.0
2006-06-30,600834.SH,6.05,6.16,5.97,5.98,0.02,30738.64,18594.787,0.2406,0.24,25.0303,0.0,0.7601
2006-06-30,600836.SH,6.25,6.28,6.08,6.11,-0.07,47810.07,29494.966,2.782,0.8739,43.7044,-12.5,0.0
2006-06-30,600837.SH,6.35,6.7,6.32,6.6,0.25,115415.84,74987.719,0.3278,,17.1212,-23.3421,0.0
2006-06-30,600838.SH,3.43,3.43,3.28,3.31,-0.12,59991.63,20023.777,0.8685,0.4062,,130.6818,0.0
2006-06-30,600839.SH,3.7,3.7,3.59,3.61,-0.03,123365.88,44745.033,0.7314,1.8745,36.7243,-40.0,0.0
2006-06-30,600841.SH,7.88,7.97,7.55,7.64,-0.24,12832.22,9859.036,0.8554,1.4725,,,0.1718
2006-06-30,600843.SH,5.3,5.61,5.1,5.61,0.51,70468.52,37377.722,2.6584,1.5403,,102.2959,0.0
2006-06-30,600844.SH,7.01,7.28,7.0,7.2,0.15,6492.73,4659.246,4.6601,1.1796,,96.2963,0.0
2006-06-30,600845.SH,12.5,12.98,12.48,12.68,0.18,7856.16,9977.37,0.9058,1.8404,47.7173,40.5405,0.1195
2006-06-30,600846.SH,3.56,3.57,3.43,3.46,-0.12,31932.73,11158.797,2.4257,1.2875,44.4621,-232.8502,1.7341
2006-06-30,600847.SH,2.7,3.05,2.53,2.92,0.26,117031.73,33182.61,4.0752,0.7525,,26.1905,0.0
2006-06-30,600850.SH,4.04,4.19,3.98,4.11,0.08,39552.88,16206.578,1.4253,1.5223,82.895,-606.8182,0.0
2006-06-30,600851.SH,3.88,4.02,3.83,3.9,0.02,132087.91,51691.469,0.6359,1.427,92.7462,-40.0,0.638
2006-06-30,600853.SH,3.06,3.08,2.99,3.0,-0.05,35408.88,10668.569,2.2379,1.2938,156.9864,12.9032,0.0
2006-06-30,600855.SH,9.7,9.81,9.55,9.71,0.1,45079.79,43658.144,0.3146,3.3707,102.3174,-39.3443,0.0
2006-06-30,600857.SH,4.13,4.27,4.05,4.23,0.14,24039.28,10028.215,0.4151,1.6671,179.9976,-6.6667,0.0
2006-06-30,600860.SH,3.85,3.88,3.7,3.81,0.04,59251.21,22434.669,0.7051,1.4665,47.7078,-75.0,0.4695
2006-06-30,600861.SH,6.39,6.39,6.15,6.18,-0.19,19444.38,12117.114,0.2432,1.7523,40.4916,59.1707,1.4507
2006-06-30,600862.SH,2.4,2.58,2.39,2.4,-0.12,46746.42,11393.145,5.7295,0.8336,,-688.6525,0.0
2006-06-30,600863.SH,3.0,3.09,2.91,2.95,0.04,281880.15,83745.745,2.2149,0.6156,81.5899,-17.8571,4.0678
2006-06-30,600864.SH,7.01,7.08,6.81,6.93,0.0,9861.25,6831.032,1.304,0.6102,,-171.4286,1.7316
2006-06-30,600865.SH,9.18,9.33,9.18,9.31,0.11,8877.01,8241.474,0.2913,2.42,77.6894,40.8451,1.7124
2006-06-30,600866.SH,2.58,2.6,2.49,2.53,-0.01,95900.26,24274.654,0.6118,1.4945,84.8984,11.3333,1.9763
2006-06-30,600867.SH,4.75,5.23,4.73,5.01,0.23,141708.6,71136.349,0.4503,2.1379,111.7345,57.4597,0.0
2006-06-30,600869.SH,5.05,5.15,4.92,4.99,-0.06,8002.38,4021.175,1.2349,0.9323,75.2304,33.3333,0.0
2006-06-30,600871.SH,3.86,3.99,3.85,3.93,0.06,76686.51,30097.243,0.2211,1.8616,,109.4828,0.6361
2006-06-30,600872.SH,3.3,3.36,3.2,3.25,-0.03,187819.9,61582.013,0.6415,1.7155,76.8473,33.7793,0.0
2006-06-30,600873.SH,4.6,4.68,4.44,4.49,-0.11,37120.08,16789.042,2.2944,0.8019,73.0238,-23.4957,0.0
2006-06-30,600875.SH,17.0,17.33,16.85,17.07,0.12,31703.15,54238.453,3.3451,1.195,13.3789,42.637,0.1506
2006-06-30,600877.SH,3.59,3.69,3.51,3.55,-0.08,79914.89,28514.063,1.9256,0.8698,,-525.1969,0.0
2006-06-30,600879.SH,13.98,14.02,13.47,13.49,-0.44,65425.87,89278.271,0.8941,1.8357,36.867,-9.5238,0.5303
2006-06-30,600880.SH,15.25,15.28,14.42,14.94,-0.24,23015.33,33848.115,0.6494,0.9044,33.7979,23.8095,0.0
2006-06-30,600882.SH,3.18,3.22,3.11,3.17,-0.01,28167.02,8850.404,1.9786,0.9458,67.1022,2.0,0.0
2006-06-30,600884.SH,6.31,6.55,6.25,6.43,0.13,159243.8,102349.552,0.9282,0.9384,34.843,16.4706,1.5552
2006-06-30,600886.SH,6.14,6.22,6.01,6.03,0.07,119964.82,73084.017,2.4245,0.4773,9.9085,-13.8889,9.9502
2006-06-30,600887.SH,23.2,23.35,22.55,22.79,-0.33,48717.81,111213.816,1.4577,0.9149,38.0951,-11.3636,0.831
2006-06-30,600889.SH,4.8,4.83,4.62,4.65,-0.13,17513.2,8257.484,1.3041,0.7739,48.1199,25.0,2.0797
2006-06-30,600894.SH,2.71,2.72,2.61,2.62,-0.07,76378.24,20174.758,1.9271,1.0042,,-94.2308,7.7291
2006-06-30,600895.SH,4.51,4.54,4.43,4.49,0.0,73681.06,33026.92,0.5685,1.605,30.8575,5.0,1.4477
2006-06-30,600898.SH,4.28,4.35,4.17,4.19,-0.1,15762.81,6671.182,2.4373,1.1944,59.9291,-102.7143,0.0
2006-06-30,600900.SH,6.86,6.96,6.81,6.85,0.05,568335.28,390421.793,0.8244,0.411,16.4914,-10.5556,5.3794
2006-06-30,600960.SH,5.95,6.15,5.9,5.93,-0.01,27065.39,16230.015,1.7337,1.2219,226.7709,-48.1538,2.5295
2006-06-30,600961.SH,8.42,8.88,8.42,8.45,0.15,200553.79,173558.575,1.7572,1.2856,25.8767,431.5904,2.3669
2006-06-30,600962.SH,5.82,5.82,5.56,5.61,-0.17,60571.94,34193.614,0.7282,1.2416,26.1047,25.0,0.8913
2006-06-30,600963.SH,6.68,7.16,6.65,6.78,0.15,76163.91,52522.021,2.4868,0.6793,20.9066,-59.0909,0.9833
2006-06-30,600966.SH,5.83,5.86,5.73,5.76,-0.04,51102.32,29579.593,1.138,1.3608,11.8201,11.1111,1.1129
2006-06-30,600967.SH,5.5,5.58,5.4,5.49,0.14,85835.15,47127.642,1.6761,1.1992,146.6733,-5.0,1.8215
2006-06-30,600971.SH,9.48,9.58,9.3,9.5,0.1,38983.77,36882.758,0.6525,1.424,9.3511,1.7544,0.7018
2006-06-30,600973.SH,6.88,7.07,6.8,6.89,0.07,59009.54,40974.982,1.4764,1.2328,21.8122,0.0,2.2329
2006-06-30,600976.SH,12.81,13.06,12.57,12.64,-0.2,12488.1,15946.327,0.334,2.7322,48.3856,0.0,0.0
2006-06-30,600979.SH,7.03,7.29,7.01,7.03,0.04,30422.85,21680.259,1.3744,0.5248,37.4576,8.6957,5.422
2006-06-30,600980.SH,6.28,6.3,6.1,6.13,-0.15,20405.28,12617.876,0.3411,2.8979,47.6692,-44.4444,1.2549
2006-06-30,600981.SH,4.46,4.52,4.3,4.36,-0.08,13650.96,5972.223,1.3611,1.3824,19.1981,8.3333,3.8991
2006-06-30,600982.SH,4.25,4.33,4.11,4.15,-0.01,30531.43,12791.897,0.4504,0.9307,28.9221,28.0,2.4096
2006-06-30,600983.SH,3.55,3.55,3.4,3.43,-0.08,39714.91,13662.088,0.1987,4.61,24.8372,48.3333,2.6239
2006-06-30,600985.SH,5.4,5.49,5.27,5.32,-0.08,18763.25,10057.683,0.0866,9.0357,45.0673,60.0,1.5038
2006-06-30,600986.SH,4.95,4.96,4.77,4.85,-0.07,20228.63,9813.138,1.7412,1.2086,83.1099,-40.0,0.0
2006-06-30,600987.SH,3.48,3.52,3.4,3.48,0.04,55920.8,19335.898,0.4767,1.0429,31.7622,100.0,2.5137
2006-06-30,600988.SH,5.19,5.28,5.1,5.14,-0.06,6200.25,3197.558,2.0213,0.482,,-28.1429,0.7049
2006-06-30,600990.SH,13.2,13.45,13.02,13.07,-0.13,9922.63,13083.663,0.4967,2.5854,36.659,38.7604,0.7651
2006-06-30,600995.SH,9.81,10.07,9.76,9.81,0.12,26537.67,26268.263,1.2959,0.3529,22.2949,-47.619,6.199
2006-06-30,600997.SH,7.4,7.5,7.26,7.44,0.05,112807.37,83576.62,0.8466,0.6403,10.3035,2.6316,2.9219
2006-06-30,601001.SH,10.39,10.4,10.11,10.22,-0.17,302850.91,310937.779,0.9269,2.3648,19.0587,,
